order_id,order_created,order_grand_total,order_shipping_charge,order_item_total_price
1797804,2015-10-01 00:00:24,39.5,0.0,39.5
1797805,2015-10-01 00:00:52,27.0,0.0,30.0
1797806,2015-10-01 00:00:58,9.0,0.0,9.0
1797807,2015-10-01 00:01:30,23.98,0.0,22.0
1797808,2015-10-01 00:01:37,20.0,0.0,20.0
1797809,2015-10-01 00:02:27,40.0,0.0,40.0
1797810,2015-10-01 00:02:31,39.87,5.950000000000001,32.0
1797811,2015-10-01 00:03:06,0.0,0.0,125.0
1797812,2015-10-01 00:03:37,182.19,6.0,160.0
1797813,2015-10-01 00:03:49,58.13,5.0,50.0
1797814,2015-10-01 00:04:22,25.95,5.95,20.0
1797815,2015-10-01 00:07:21,118.0,0.0,200.0
1797816,2015-10-01 00:07:37,159.0,0.0,150.0
1797817,2015-10-01 00:07:54,103.37,4.0,91.0
1797818,2015-10-01 00:08:18,14.5,10.0,54.5
1797819,2015-10-01 00:08:57,19.4,0.0,18.0
1797820,2015-10-01 00:09:24,267.57,5.95,246.0
1797821,2015-10-01 00:11:20,96.05,5.95,85.0
1797822,2015-10-01 00:12:42,0.0,0.0,0.0
1797823,2015-10-01 00:13:02,187.5,7.5,180.0
1797824,2015-10-01 00:13:20,112.25,6.0,100.0
1797825,2015-10-01 00:13:44,43.0,0.0,43.0
1797826,2015-10-01 00:14:59,153.08999999999997,7.5,138.0
1797827,2015-10-01 00:16:15,15.0,0.0,15.0
1797828,2015-10-01 00:16:45,87.0,0.0,87.0
1797829,2015-10-01 00:16:49,52.0,0.0,52.0
1797830,2015-10-01 00:16:51,60.0,0.0,60.0
1797831,2015-10-01 00:17:11,44.95,4.95,40.0
1797832,2015-10-01 00:17:44,438.0,0.0,438.0
1797833,2015-10-01 00:17:46,4.95,4.95,8.0
1797834,2015-10-01 00:18:33,43.0,0.0,43.0
1797835,2015-10-01 00:19:27,34.95,4.95,30.0
1797836,2015-10-01 00:21:00,117.44000000000001,3.5,108.0
1797837,2015-10-01 00:21:11,103.2,0.0,129.0
1797838,2015-10-01 00:22:09,37.97,4.95,31.0
1797839,2015-10-01 00:22:11,73.96000000000002,3.5,69.98
1797840,2015-10-01 00:22:13,0.0,0.0,0.0
1797841,2015-10-01 00:22:48,15.47,3.5,11.97
1797842,2015-10-01 00:23:57,86.5,7.0,75.0
1797843,2015-10-01 00:24:01,38.52,0.0,36.0
1797844,2015-10-01 00:24:14,20.0,0.0,20.0
1797845,2015-10-01 00:24:49,28.0,0.0,28.0
1797846,2015-10-01 00:25:01,58.6,5.0,67.0
1797847,2015-10-01 00:25:05,46.95,4.95,42.0
1797848,2015-10-01 00:25:07,319.93,0.0,299.0
1797849,2015-10-01 00:25:13,100.0,0.0,100.0
1797850,2015-10-01 00:25:56,476.830000000001,4.0,445.02000000000044
1797851,2015-10-01 00:26:04,30.149999999999995,4.15,26.0
1797852,2015-10-01 00:26:31,32.64,5.95,25.0
1797853,2015-10-01 00:27:11,108.0,0.0,100.0
1797854,2015-10-01 00:28:52,56.0,6.0,50.0
1797855,2015-10-01 00:28:56,63.3,0.0,80.0
1797856,2015-10-01 00:29:20,13.46,5.95,7.0
1797857,2015-10-01 00:29:35,85.0,10.0,75.0
1797858,2015-10-01 00:30:24,45.0,0.0,45.0
1797859,2015-10-01 00:31:57,70.0,0.0,100.0
1797860,2015-10-01 00:32:02,60.0,0.0,60.0
1797861,2015-10-01 00:32:15,157.5,3.5,140.0
1797862,2015-10-01 00:34:22,1067.5,0.0,1000.0
1797863,2015-10-01 00:35:11,30.95,5.95,25.0
1797864,2015-10-01 00:35:58,79.0,0.0,79.0
1797865,2015-10-01 00:37:35,153.52,0.0,139.87999999999997
1797866,2015-10-01 00:38:19,0.0,0.0,0.0
1797867,2015-10-01 00:39:49,94.09999999999998,5.0,82.5
1797868,2015-10-01 00:41:08,52.43,0.0,49.0
1797869,2015-10-01 00:41:33,32.93,0.0,30.0
1797870,2015-10-01 00:42:56,0.0,0.0,4698.11999999993
1797871,2015-10-01 00:43:10,156.63999999999996,4.0,194.0
1797872,2015-10-01 00:44:02,0.0,0.0,0.0
1797873,2015-10-01 00:45:59,82.0,0.0,125.0
1797874,2015-10-01 00:46:23,0.0,0.0,0.0
1797875,2015-10-01 00:47:45,26.5,0.0,25.0
1797876,2015-10-01 00:48:42,49.77,6.95,40.0
1797877,2015-10-01 00:49:05,19.62,0.0,18.0
1797878,2015-10-01 00:49:59,237.1,5.0,220.0
1797879,2015-10-01 00:50:18,136.45,5.95,120.0
1797880,2015-10-01 00:51:13,40.15,4.1499999999999995,36.0
1797881,2015-10-01 00:51:41,73.72000000000001,4.0,65.15999999999998
1797882,2015-10-01 00:52:43,48.15,10.0,110.0
1797883,2015-10-01 00:53:23,0.0,0.0,0.0
1797884,2015-10-01 00:53:31,51.35999999999999,8.0,40.0
1797885,2015-10-01 00:53:55,75.0,0.0,100.0
1797886,2015-10-01 00:54:52,0.0,0.0,0.0
1797887,2015-10-01 00:56:07,50.95,5.95,45.0
1797888,2015-10-01 00:58:55,29.960000000000004,0.0,28.0
1797889,2015-10-01 00:59:13,54.0,0.0,100.0
1797890,2015-10-01 00:59:53,84.75,4.95,75.0
1797891,2015-10-01 01:00:58,20.0,0.0,20.0
1797892,2015-10-01 01:01:16,70.0,0.0,70.0
1797893,2015-10-01 01:01:50,636.0,0.0,600.0
1797894,2015-10-01 01:02:07,0.0,0.0,0.0
1797895,2015-10-01 01:02:52,206.4,0.0,192.0
1797896,2015-10-01 01:03:21,52.89000000000001,4.95,47.94
1797897,2015-10-01 01:03:58,262.80000000000007,6.0,320.0
1797898,2015-10-01 01:04:00,0.0,0.0,0.0
1797899,2015-10-01 01:04:07,47.35,5.95,46.0
1797900,2015-10-01 01:06:13,32.33,0.0,29.95
1797901,2015-10-01 01:07:11,0.0,0.0,50.0
1797902,2015-10-01 01:07:43,0.0,0.0,0.0
1797903,2015-10-01 01:08:08,118.5,3.5,115.0
1797904,2015-10-01 01:08:09,399.0,0.0,399.0
1797905,2015-10-01 01:08:21,21.34,0.0,20.0
1797906,2015-10-01 01:08:32,50.0,0.0,50.0
1797907,2015-10-01 01:08:47,40.5,0.0,45.0
1797908,2015-10-01 01:08:50,35.1,0.0,45.0
1797909,2015-10-01 01:09:29,283.21999999999986,10.0,226.0
1797910,2015-10-01 01:10:05,337.47999999999973,7.0,510.0
1797911,2015-10-01 01:10:15,30.0,0.0,30.0
1797912,2015-10-01 01:10:49,37.1,0.0,35.0
1797913,2015-10-01 01:10:53,61.68,5.0,52.0
1797914,2015-10-01 01:10:57,34.18,4.95,27.0
1797915,2015-10-01 01:11:55,51.35,0.0,47.0
1797916,2015-10-01 01:12:20,143.19999999999996,0.0,315.0
1797917,2015-10-01 01:13:32,34.949999999999996,4.950000000000001,30.0
1797918,2015-10-01 01:13:33,5.65,0.0,105.0
1797919,2015-10-01 01:13:41,178.75,10.0,225.0
1797920,2015-10-01 01:14:03,69.76,5.95,0.0
1797921,2015-10-01 01:14:45,0.0,0.0,0.0
1797922,2015-10-01 01:15:06,34.24,0.0,32.0
1797923,2015-10-01 01:15:17,189.21,3.5,70.0
1797924,2015-10-01 01:15:34,25.0,0.0,25.0
1797925,2015-10-01 01:15:37,260.0,0.0,260.0
1797926,2015-10-01 01:16:33,34.95,4.95,30.0
1797927,2015-10-01 01:16:33,8.13,8.13,80.64999999999999
1797928,2015-10-01 01:16:53,170.10999999999987,8.0,151.5
1797929,2015-10-01 01:17:12,52.95,4.95,0.0
1797930,2015-10-01 01:17:19,3.31,0.0,60.0
1797931,2015-10-01 01:17:35,23.0,0.0,23.0
1797932,2015-10-01 01:19:52,144.11,0.0,135.0
1797933,2015-10-01 01:20:34,26.67,4.15,21.0
1797934,2015-10-01 01:20:48,28.62,0.0,30.0
1797935,2015-10-01 01:20:51,28.34,0.0,26.0
1797936,2015-10-01 01:21:42,177.70000000000002,2.6999999999999997,175.0
1797937,2015-10-01 01:22:45,45.0,0.0,70.0
1797938,2015-10-01 01:23:00,3440.0,0.0,3440.0
1797939,2015-10-01 01:23:56,28.0,0.0,28.0
1797940,2015-10-01 01:24:28,11.86,5.95,5.52
1797941,2015-10-01 01:24:30,16.24,0.0,15.0
1797942,2015-10-01 01:24:32,11.66,4.15,7.0
1797943,2015-10-01 01:24:33,72.65999999999998,0.0,68.54999999999998
1797944,2015-10-01 01:24:36,1575.0,0.0,1500.0
1797945,2015-10-01 01:25:05,200.0,0.0,300.0
1797946,2015-10-01 01:25:20,31.5,7.5,24.0
1797947,2015-10-01 01:25:25,10.0,0.0,10.0
1797948,2015-10-01 01:25:32,659.8,0.0,659.8
1797949,2015-10-01 01:25:49,162.0,0.0,270.0
1797950,2015-10-01 01:25:50,495.97999999999985,3.5,456.0
1797951,2015-10-01 01:25:56,70.85,0.0,65.0
1797952,2015-10-01 01:27:09,98.21,0.0,92.0
1797953,2015-10-01 01:27:19,74.5,3.5,71.0
1797954,2015-10-01 01:28:56,548.0,15.0,533.0
1797955,2015-10-01 01:29:26,327.06,9.950000000000001,295.0
1797956,2015-10-01 01:29:31,29.26,4.95,22.349999999999998
1797957,2015-10-01 01:30:25,60.0,0.0,60.0
1797958,2015-10-01 01:30:39,80.0,0.0,80.0
1797959,2015-10-01 01:30:56,58.75,4.1499999999999995,54.6
1797960,2015-10-01 01:31:19,63.25,4.95,55.0
1797961,2015-10-01 01:31:41,40.0,0.0,40.0
1797962,2015-10-01 01:32:00,87.6,0.0,80.0
1797963,2015-10-01 01:32:15,1110.94,15.0,1068.72
1797964,2015-10-01 01:32:23,6.0,0.0,6.0
1797965,2015-10-01 01:32:50,25.0,0.0,25.0
1797966,2015-10-01 01:32:55,432.0,4.0,400.0
1797967,2015-10-01 01:33:20,25.349999999999998,4.1499999999999995,20.0
1797968,2015-10-01 01:34:06,5.950000000000002,5.950000000000002,0.0
1797969,2015-10-01 01:34:16,10.0,0.0,10.0
1797970,2015-10-01 01:35:03,51.9,5.95,51.0
1797971,2015-10-01 01:35:14,318.10000000000025,8.949999999999994,343.5
1797972,2015-10-01 01:35:17,60.0,0.0,60.0
1797973,2015-10-01 01:35:25,63.75,0.0,75.0
1797974,2015-10-01 01:35:55,0.0,0.0,0.0
1797975,2015-10-01 01:36:09,344.86,4.0,312.0
1797976,2015-10-01 01:36:29,110.16,0.0,25.44
1797977,2015-10-01 01:36:54,0.0,0.0,50.0
1797978,2015-10-01 01:37:16,4.32,0.0,203.94
1797979,2015-10-01 01:37:31,26.7,5.0,20.0
1797980,2015-10-01 01:37:59,109.5,3.5,106.0
1797981,2015-10-01 01:38:58,34.91,4.95,28.0
1797982,2015-10-01 01:39:15,108.25,0.0,100.0
1797983,2015-10-01 01:39:20,30.7,4.95,35.0
1797984,2015-10-01 01:40:03,48.25,5.95,47.0
1797985,2015-10-01 01:40:53,15.0,0.0,15.0
1797986,2015-10-01 01:40:58,25.0,0.0,25.0
1797987,2015-10-01 01:41:41,40.0,5.0,35.0
1797988,2015-10-01 01:41:56,50.0,0.0,50.0
1797989,2015-10-01 01:42:41,45.0,0.0,45.0
1797990,2015-10-01 01:42:57,131.19,9.0,115.0
1797991,2015-10-01 01:43:26,68.89999999999999,0.0,65.0
1797992,2015-10-01 01:43:29,163.13000000000002,0.0,150.0
1797993,2015-10-01 01:43:49,104.0,0.0,104.0
1797994,2015-10-01 01:44:02,32.48,0.0,30.0
1797995,2015-10-01 01:44:08,20.0,6.0,14.0
1797996,2015-10-01 01:44:13,128.0,4.0,124.0
1797997,2015-10-01 01:44:52,25.0,0.0,25.0
1797998,2015-10-01 01:45:41,75.0,25.0,50.0
1797999,2015-10-01 01:45:47,119.57,5.95,105.0
1798000,2015-10-01 01:46:23,52.32,0.0,48.0
1798001,2015-10-01 01:46:25,52.03,5.95,46.08
1798002,2015-10-01 01:46:32,36.85,4.95,29.4
1798003,2015-10-01 01:46:54,137.3,8.0,120.0
1798004,2015-10-01 01:47:47,25.6,4.15,20.0
1798005,2015-10-01 01:47:50,0.0,0.0,0.0
1798006,2015-10-01 01:47:53,25.95,4.95,21.0
1798007,2015-10-01 01:48:46,535.9400000000002,0.0,508.0
1798008,2015-10-01 01:48:46,51.529999999999994,0.0,46.95
1798009,2015-10-01 01:48:49,0.0,0.0,0.0
1798010,2015-10-01 01:49:22,418.7,0.0,395.0
1798011,2015-10-01 01:50:36,10.0,0.0,10.0
1798012,2015-10-01 01:50:50,12.85,5.95,6.9
1798013,2015-10-01 01:51:15,350.0,0.0,350.0
1798014,2015-10-01 01:51:22,37.0,5.0,40.0
1798015,2015-10-01 01:51:44,43.16,5.95,39.0
1798016,2015-10-01 01:51:48,0.0,0.0,0.0
1798017,2015-10-01 01:52:36,0.0,0.0,0.0
1798018,2015-10-01 01:52:48,4.39,1.0,3.0
1798019,2015-10-01 01:52:58,126.40000000000003,3.5,113.79999999999998
1798020,2015-10-01 01:53:09,16.03,4.95,10.5
1798021,2015-10-01 01:54:19,244.14999999999984,4.150000000000002,240.0
1798022,2015-10-01 01:54:44,49.95,4.95,10.0
1798023,2015-10-01 01:55:01,56.84000000000001,0.0,53.0
1798024,2015-10-01 01:55:52,225.0,0.0,225.0
1798025,2015-10-01 01:56:12,27.0,0.0,30.0
1798026,2015-10-01 01:56:28,48.15,4.95,48.0
1798027,2015-10-01 01:56:41,26.99,0.0,25.0
1798028,2015-10-01 01:56:59,642.78,0.0,600.0
1798029,2015-10-01 01:57:13,214.0,15.0,185.0
1798030,2015-10-01 01:57:21,87.57,11.950000000000001,71.0
1798031,2015-10-01 01:57:35,31.399999999999995,5.0,33.0
1798032,2015-10-01 01:58:06,105.5,0.0,105.5
1798033,2015-10-01 01:58:06,51.36,0.0,48.0
1798034,2015-10-01 01:59:05,106.35,0.0,100.0
1798035,2015-10-01 02:00:19,8.0,8.0,592.0
1798036,2015-10-01 02:00:28,56.43,0.0,52.0
1798037,2015-10-01 02:01:31,26.0,2.0,24.0
1798038,2015-10-01 02:01:57,0.0,0.0,0.0
1798039,2015-10-01 02:02:17,53.5,0.0,50.0
1798040,2015-10-01 02:02:17,72.0,0.0,90.0
1798041,2015-10-01 02:02:28,81.0,0.0,81.0
1798042,2015-10-01 02:02:36,49.95,4.95,50.0
1798043,2015-10-01 02:04:03,70.95,4.95,60.0
1798044,2015-10-01 02:04:40,31.8,0.0,30.0
1798045,2015-10-01 02:05:06,0.0,0.0,0.0
1798046,2015-10-01 02:06:08,112.86,0.0,104.0
1798047,2015-10-01 02:06:17,18.43,0.0,17.0
1798048,2015-10-01 02:06:26,23.98,0.0,22.0
1798049,2015-10-01 02:07:00,30.0,0.0,30.0
1798050,2015-10-01 02:07:17,22.33,4.15,17.0
1798051,2015-10-01 02:07:27,33.45,8.95,24.5
1798052,2015-10-01 02:08:44,122.83,3.5,111.0
1798053,2015-10-01 02:09:33,60.75,4.95,62.0
1798054,2015-10-01 02:10:19,4.31,0.0,54.0
1798055,2015-10-01 02:11:07,15.0,0.0,15.0
1798056,2015-10-01 02:11:32,146.55999999999997,4.0,135.0
1798057,2015-10-01 02:11:46,0.0,0.0,0.0
1798058,2015-10-01 02:12:58,57.65,0.0,54.0
1798059,2015-10-01 02:13:22,81.8,5.0,96.0
1798060,2015-10-01 02:13:59,20.0,5.0,15.0
1798061,2015-10-01 02:14:36,12.86,0.0,12.0
1798062,2015-10-01 02:14:38,63.9,0.0,59.0
1798063,2015-10-01 02:15:36,270.0,0.0,270.0
1798064,2015-10-01 02:16:10,217.85,27.95,180.0
1798065,2015-10-01 02:16:34,6.0,0.0,6.0
1798066,2015-10-01 02:17:08,50.0,0.0,50.0
1798067,2015-10-01 02:17:10,40.5,0.0,45.0
1798068,2015-10-01 02:17:37,51.0,0.0,60.0
1798069,2015-10-01 02:17:43,101.25,0.0,135.0
1798070,2015-10-01 02:17:59,247.0,0.0,247.0
1798071,2015-10-01 02:18:15,109.08000000000001,0.0,101.0
1798072,2015-10-01 02:18:52,15.0,0.0,15.0
1798073,2015-10-01 02:20:30,143.75,5.950000000000002,205.0
1798074,2015-10-01 02:20:37,22.83,5.95,16.0
1798075,2015-10-01 02:20:46,32.55,0.0,30.0
1798076,2015-10-01 02:21:12,28.1,5.95,22.0
1798077,2015-10-01 02:21:41,97.08999999999997,4.0,87.0
1798078,2015-10-01 02:22:16,5.95,5.95,0.0
1798079,2015-10-01 02:22:19,31.15,4.15,27.0
1798080,2015-10-01 02:23:23,203.5,3.5,200.0
1798081,2015-10-01 02:23:32,42.95000000000001,4.95,40.0
1798082,2015-10-01 02:24:37,228.0,12.0,200.0
1798083,2015-10-01 02:24:47,4.95,4.95,4.99
1798084,2015-10-01 02:25:25,54.88,4.0,46.0
1798085,2015-10-01 02:25:44,63.75,0.0,75.0
1798086,2015-10-01 02:26:23,34.57,5.95,27.0
1798087,2015-10-01 02:26:54,30.0,0.0,30.0
1798088,2015-10-01 02:27:04,693.0,0.0,660.0
1798089,2015-10-01 02:27:10,0.0,0.0,0.0
1798090,2015-10-01 02:28:20,75.0,0.0,75.0
1798091,2015-10-01 02:28:22,51.0,0.0,60.0
1798092,2015-10-01 02:28:45,65.5,0.0,65.5
1798093,2015-10-01 02:28:51,27.0,0.0,30.0
1798094,2015-10-01 02:29:21,0.0,0.0,0.0
1798095,2015-10-01 02:29:27,25.0,0.0,25.0
1798096,2015-10-01 02:29:44,15.0,0.0,15.0
1798097,2015-10-01 02:29:46,25.07,0.0,36.0
1798098,2015-10-01 02:30:21,172.69999999999993,5.0,156.0
1798099,2015-10-01 02:31:05,31.15,4.15,27.0
1798100,2015-10-01 02:31:18,0.0,0.0,175.0
1798101,2015-10-01 02:31:20,93.99,4.95,84.0
1798102,2015-10-01 02:32:22,374.0,0.0,340.0
1798103,2015-10-01 02:33:45,101.0,0.0,201.0
1798104,2015-10-01 02:33:56,1333.31,18.95,1210.0
1798105,2015-10-01 02:34:54,78.69000000000003,4.0,69.0
1798106,2015-10-01 02:35:02,51.0,0.0,60.0
1798107,2015-10-01 02:35:02,23.949999999999996,7.950000000000001,16.0
1798108,2015-10-01 02:35:22,101.25,0.0,135.0
1798109,2015-10-01 02:36:21,153.0,0.0,255.0
1798110,2015-10-01 02:37:55,66.67,4.95,61.72
1798111,2015-10-01 02:38:09,12.0,0.0,12.0
1798112,2015-10-01 02:38:23,59.95,4.950000000000001,55.0
1798113,2015-10-01 02:38:47,105.0,5.0,100.0
1798114,2015-10-01 02:39:16,15.0,0.0,15.0
1798115,2015-10-01 02:39:29,0.0,0.0,0.0
1798116,2015-10-01 02:39:47,300.0,0.0,300.0
1798117,2015-10-01 02:40:28,27.25,6.0,20.0
1798118,2015-10-01 02:40:50,195.11999999999995,3.5,178.0
1798119,2015-10-01 02:41:30,63.75,0.0,75.0
1798120,2015-10-01 02:41:38,52.61000000000001,0.0,47.940000000000005
1798121,2015-10-01 02:42:36,52.730000000000004,4.0,45.54000000000001
1798122,2015-10-01 02:42:37,34.95,4.95,30.0
1798123,2015-10-01 02:42:50,36.0,5.0,31.0
1798124,2015-10-01 02:43:43,10.7,0.0,10.0
1798125,2015-10-01 02:44:33,17.84,5.0,12.0
1798126,2015-10-01 02:44:45,32.84,6.0,25.0
1798127,2015-10-01 02:46:11,416.38999999999976,14.0,431.40999999999997
1798128,2015-10-01 02:46:19,10.0,0.0,10.0
1798129,2015-10-01 02:46:37,400.0,0.0,500.0
1798130,2015-10-01 02:48:29,45.78,0.0,42.0
1798131,2015-10-01 02:48:37,98.31,4.1499999999999995,88.0
1798132,2015-10-01 02:50:08,39.5,0.0,39.5
1798133,2015-10-01 02:50:08,190.5,8.0,168.0
1798134,2015-10-01 02:50:45,21.5,0.0,21.5
1798135,2015-10-01 02:50:52,60.77,0.0,56.0
1798136,2015-10-01 02:51:43,173.60000000000002,4.0,160.0
1798137,2015-10-01 02:51:44,42.8,0.0,40.0
1798138,2015-10-01 02:52:25,30.0,0.0,30.0
1798139,2015-10-01 02:52:25,40.19,6.0,32.0
1798140,2015-10-01 02:52:33,0.0,0.0,0.0
1798141,2015-10-01 02:52:53,1500.0,0.0,1500.0
1798142,2015-10-01 02:52:58,29.79,4.95,27.0
1798143,2015-10-01 02:53:05,500.0,0.0,500.0
1798144,2015-10-01 02:53:32,113.14,0.0,105.0
1798145,2015-10-01 02:53:36,70.54,0.0,65.0
1798146,2015-10-01 02:53:50,9.81,0.0,22.0
1798147,2015-10-01 02:53:56,42.95,4.95,40.0
1798148,2015-10-01 02:53:57,462.0,12.0,500.0
1798149,2015-10-01 02:54:13,0.0,0.0,0.0
1798150,2015-10-01 02:54:51,20.95,5.95,15.0
1798151,2015-10-01 02:55:02,246.44999999999996,7.5,425.0
1798152,2015-10-01 02:55:33,54.13,0.0,50.0
1798153,2015-10-01 02:55:43,229.84000000000003,4.950000000000001,15.0
1798154,2015-10-01 02:55:49,110.0,4.0,100.0
1798155,2015-10-01 02:56:11,245.0,17.0,380.0
1798156,2015-10-01 02:56:39,38.15,0.0,35.0
1798157,2015-10-01 02:57:23,253.5,12.0,291.5
1798158,2015-10-01 02:58:41,15.14,0.0,15.0
1798159,2015-10-01 02:58:52,54.45000000000001,4.95,55.0
1798160,2015-10-01 02:59:06,72.0,0.0,90.0
1798161,2015-10-01 02:59:44,133.0,0.0,133.0
1798162,2015-10-01 03:00:17,559.0,14.0,545.0
1798163,2015-10-01 03:01:21,179.8199999999999,7.9900000000000055,158.0
1798164,2015-10-01 03:01:44,5.0,0.0,5.0
1798165,2015-10-01 03:01:58,110.0,10.0,100.0
1798166,2015-10-01 03:02:04,179.35,0.0,170.0
1798167,2015-10-01 03:03:08,21.0,0.0,21.0
1798168,2015-10-01 03:03:15,108.97,8.0,105.0
1798169,2015-10-01 03:03:35,41.0,4.0,37.0
1798170,2015-10-01 03:03:40,16.5,4.95,11.0
1798171,2015-10-01 03:03:54,169.45,5.95,150.0
1798172,2015-10-01 03:04:08,70.0,0.0,70.0
1798173,2015-10-01 03:04:11,83.5,3.5,80.0
1798174,2015-10-01 03:04:34,26.6,5.0,20.0
1798175,2015-10-01 03:04:35,201.15,4.95,180.0
1798176,2015-10-01 03:04:41,198.0,0.0,330.0
1798177,2015-10-01 03:04:42,45.95,5.95,40.0
1798178,2015-10-01 03:05:58,22.12,5.0,16.0
1798179,2015-10-01 03:06:02,32.25,0.0,0.0
1798180,2015-10-01 03:06:38,52.0,0.0,52.0
1798181,2015-10-01 03:06:57,10.64,2.0,8.64
1798182,2015-10-01 03:07:13,893.7999999999997,0.0,820.0
1798183,2015-10-01 03:07:27,215.09,4.0,195.0
1798184,2015-10-01 03:07:55,94.93,5.95,39.98
1798185,2015-10-01 03:08:08,68.0,4.0,64.0
1798186,2015-10-01 03:08:40,46.0,6.0,40.0
1798187,2015-10-01 03:08:58,370.0,0.0,370.0
1798188,2015-10-01 03:09:17,51.0,0.0,60.0
1798189,2015-10-01 03:09:18,15.0,0.0,15.0
1798190,2015-10-01 03:09:58,63.75,0.0,75.0
1798191,2015-10-01 03:10:39,500.0,0.0,500.0
1798192,2015-10-01 03:10:51,136.1999999999999,7.5,117.0
1798193,2015-10-01 03:10:56,294.5,12.5,282.0
1798194,2015-10-01 03:11:07,51.0,0.0,60.0
1798195,2015-10-01 03:11:13,0.0,0.0,0.0
1798196,2015-10-01 03:11:45,21.43,0.0,20.0
1798197,2015-10-01 03:11:50,93.74,0.0,99.0
1798198,2015-10-01 03:12:37,17.0,0.0,17.0
1798199,2015-10-01 03:13:42,53.0,5.0,60.0
1798200,2015-10-01 03:13:46,1092.0,12.0,1000.0
1798201,2015-10-01 03:13:49,44.76999999999999,5.950000000000002,48.150000000000006
1798202,2015-10-01 03:14:04,17.36,0.0,16.0
1798203,2015-10-01 03:14:35,77.76,0.0,80.0
1798204,2015-10-01 03:15:19,50.0,0.0,50.0
1798205,2015-10-01 03:15:32,27.0,0.0,30.0
1798206,2015-10-01 03:16:09,25.19,7.0,17.0
1798207,2015-10-01 03:17:18,267.47000000000014,0.0,249.97
1798208,2015-10-01 03:17:45,0.0,0.0,0.0
1798209,2015-10-01 03:17:49,34.73,0.0,32.0
1798210,2015-10-01 03:18:15,88.93000000000002,5.949999999999999,82.97999999999999
1798211,2015-10-01 03:19:02,17.36,0.0,16.0
1798212,2015-10-01 03:20:07,50.0,0.0,50.0
1798213,2015-10-01 03:20:28,0.0,0.0,500.0
1798214,2015-10-01 03:20:53,0.0,0.0,0.0
1798215,2015-10-01 03:20:58,432.84000000000003,0.0,405.0
1798216,2015-10-01 03:22:11,105.0,0.0,150.0
1798217,2015-10-01 03:24:14,27.0,0.0,30.0
1798218,2015-10-01 03:24:16,54.45,4.95,45.0
1798219,2015-10-01 03:24:29,54.02999999999999,0.0,0.0
1798220,2015-10-01 03:24:38,51.0,0.0,60.0
1798221,2015-10-01 03:24:42,38.2,4.95,35.0
1798222,2015-10-01 03:24:42,63.75,0.0,75.0
1798223,2015-10-01 03:25:29,96.34,12.5,76.5
1798224,2015-10-01 03:25:53,34.95,4.95,30.0
1798225,2015-10-01 03:26:05,0.0,0.0,0.0
1798226,2015-10-01 03:26:10,9.81,0.0,9.0
1798227,2015-10-01 03:26:21,27.0,0.0,30.0
1798228,2015-10-01 03:26:39,116.88,7.25,99.0
1798229,2015-10-01 03:27:45,62.0,0.0,62.0
1798230,2015-10-01 03:27:50,40.5,0.0,45.0
1798231,2015-10-01 03:28:15,48.26,0.0,45.0
1798232,2015-10-01 03:30:03,21.4,0.0,20.0
1798233,2015-10-01 03:32:27,211.8600000000001,0.0,198.0
1798234,2015-10-01 03:33:34,183.32999999999996,4.950000000000001,168.0
1798235,2015-10-01 03:34:02,22.0,0.0,22.0
1798236,2015-10-01 03:34:49,66.18,5.95,55.0
1798237,2015-10-01 03:37:45,161.70000000000002,6.0,155.70000000000002
1798238,2015-10-01 03:38:16,0.0,0.0,58.0
1798239,2015-10-01 03:38:25,0.0,0.0,0.0
1798240,2015-10-01 03:38:49,43.0,0.0,43.0
1798241,2015-10-01 03:39:11,59.9,5.95,62.5
1798242,2015-10-01 03:39:39,70.0,10.0,60.0
1798243,2015-10-01 03:42:24,131.44000000000003,4.0,119.10000000000001
1798244,2015-10-01 03:42:32,83.95,5.95,78.0
1798245,2015-10-01 03:42:49,0.0,0.0,0.0
1798246,2015-10-01 03:43:06,24.0,0.0,24.0
1798247,2015-10-01 03:43:31,45.0,0.0,50.0
1798248,2015-10-01 03:43:32,200.87000000000026,3.5,186.0
1798249,2015-10-01 03:43:49,27.53,4.15,22.0
1798250,2015-10-01 03:45:40,40.76,0.0,38.0
1798251,2015-10-01 03:46:15,0.0,0.0,0.0
1798252,2015-10-01 03:47:00,27.0,0.0,30.0
1798253,2015-10-01 03:47:20,114.28999999999999,4.0,115.9
1798254,2015-10-01 03:47:36,103.45,8.95,94.5
1798255,2015-10-01 03:48:37,67.71,4.95,60.0
1798256,2015-10-01 03:49:59,968.52,0.0,900.0
1798257,2015-10-01 03:53:24,107.0,0.0,107.0
1798258,2015-10-01 03:55:09,0.0,0.0,0.0
1798259,2015-10-01 03:55:12,0.0,0.0,25.0
1798260,2015-10-01 03:56:05,0.0,0.0,0.0
1798261,2015-10-01 03:56:43,48.41,6.0,39.0
1798262,2015-10-01 03:56:55,66.0,6.0,60.0
1798263,2015-10-01 03:57:08,381.68,0.0,500.0
1798264,2015-10-01 03:58:00,41.0,6.0,35.0
1798265,2015-10-01 03:58:07,0.0,0.0,0.0
1798266,2015-10-01 03:58:44,36.79,4.15,32.64
1798267,2015-10-01 03:59:04,139.28000000000006,4.0,149.79
1798268,2015-10-01 04:00:46,29.649999999999995,4.15,24.0
1798269,2015-10-01 04:01:26,107.5,7.5,100.0
1798270,2015-10-01 04:01:58,300.0,0.0,300.0
1798271,2015-10-01 04:02:20,27.0,0.0,30.0
1798272,2015-10-01 04:02:49,180.0,0.0,180.0
1798273,2015-10-01 04:03:48,228.14999999999992,4.150000000000002,224.0
1798274,2015-10-01 04:04:55,204.1499999999999,4.150000000000002,199.85000000000002
1798275,2015-10-01 04:05:32,49.05,0.0,45.0
1798276,2015-10-01 04:06:38,49.05,0.0,45.0
1798277,2015-10-01 04:06:43,25.0,5.0,20.0
1798278,2015-10-01 04:06:44,52.25,3.5,48.75
1798279,2015-10-01 04:10:57,10.43,4.95,5.0
1798280,2015-10-01 04:13:26,81.19000000000003,0.0,10.0
1798281,2015-10-01 04:14:17,184.14999999999984,4.0,180.1499999999999
1798282,2015-10-01 04:14:43,434.64999999999975,4.0,396.0
1798283,2015-10-01 04:15:54,180.0,0.0,180.0
1798284,2015-10-01 04:19:07,340.0,0.0,680.0
1798285,2015-10-01 04:22:14,7.84,2.5,5.0
1798286,2015-10-01 04:23:34,43.28000000000001,4.95,35.0
1798287,2015-10-01 04:23:53,36.75,4.95,30.0
1798288,2015-10-01 04:24:09,40.0,10.0,30.0
1798289,2015-10-01 04:24:44,40.0,0.0,40.0
1798290,2015-10-01 04:24:59,74.95,4.95,70.0
1798291,2015-10-01 04:25:30,286.0,3.5,282.5
1798292,2015-10-01 04:26:15,102.90000000000002,0.0,98.0
1798293,2015-10-01 04:28:41,16.68,5.95,10.0
1798294,2015-10-01 04:30:09,0.0,0.0,0.0
1798295,2015-10-01 04:31:27,27.0,0.0,30.0
1798296,2015-10-01 04:32:59,450.0,0.0,450.0
1798297,2015-10-01 04:33:55,38.2,4.95,35.0
1798298,2015-10-01 04:34:29,203.30000000000004,15.0,175.0
1798299,2015-10-01 04:37:11,186.19000000000003,0.0,172.0
1798300,2015-10-01 04:37:17,54.5,3.5,51.0
1798301,2015-10-01 04:39:38,148.63000000000005,3.5,135.0
1798302,2015-10-01 04:39:58,95.0,0.0,245.0
1798303,2015-10-01 04:41:22,63.14,3.5,56.0
1798304,2015-10-01 04:42:20,33.57,0.0,31.0
1798305,2015-10-01 04:43:35,67.5,0.0,75.0
1798306,2015-10-01 04:43:48,32.7,0.0,30.0
1798307,2015-10-01 04:44:50,41.949999999999996,4.95,37.0
1798308,2015-10-01 04:45:31,762.0,6.0,700.0
1798309,2015-10-01 04:47:06,243.0,0.0,405.0
1798310,2015-10-01 04:47:21,30.0,0.0,30.0
1798311,2015-10-01 04:48:08,164.55000000000004,6.5,70.0
1798312,2015-10-01 04:52:40,81.57000000000004,0.0,75.11000000000006
1798313,2015-10-01 04:54:21,162.38,0.0,150.0
1798314,2015-10-01 04:54:25,190.65999999999997,4.950000000000001,181.0
1798315,2015-10-01 04:55:23,155.30999999999997,0.0,244.0
1798316,2015-10-01 04:56:12,0.0,0.0,0.0
1798317,2015-10-01 04:56:15,24.74,4.95,18.5
1798318,2015-10-01 04:57:45,39.95,4.95,0.0
1798319,2015-10-01 04:59:17,38.2,4.95,35.0
1798320,2015-10-01 05:01:53,705.0,10.0,695.0
1798321,2015-10-01 05:03:25,27.300000000000004,0.0,35.0
1798322,2015-10-01 05:06:40,450.0,0.0,450.0
1798323,2015-10-01 05:08:38,25.92,4.0,120.0
1798324,2015-10-01 05:11:27,431.55,4.95,395.0
1798325,2015-10-01 05:12:17,118.5,0.0,118.5
1798326,2015-10-01 05:19:03,42.75,4.95,50.0
1798327,2015-10-01 05:19:13,23.11,5.95,16.0
1798328,2015-10-01 05:19:51,54.75,0.0,50.0
1798329,2015-10-01 05:26:35,22.949999999999992,4.950000000000001,18.0
1798330,2015-10-01 05:29:15,18.43,0.0,17.0
1798331,2015-10-01 05:33:55,54.75,0.0,50.0
1798332,2015-10-01 05:35:34,26.0,0.0,26.0
1798333,2015-10-01 05:36:10,150.0,0.0,150.0
1798334,2015-10-01 05:40:02,32.06,0.0,0.0
1798335,2015-10-01 05:44:29,47.54,6.5,38.0
1798336,2015-10-01 05:44:54,137.0,3.0,122.0
1798337,2015-10-01 05:46:45,26.88,0.0,25.0
1798338,2015-10-01 05:47:45,5.0,0.0,5.0
1798339,2015-10-01 05:52:02,5.25,4.95,0.0
1798340,2015-10-01 05:58:41,0.0,0.0,0.0
1798341,2015-10-01 06:01:24,118.5,0.0,118.5
1798342,2015-10-01 06:13:42,293.84,0.0,275.0
1798343,2015-10-01 06:23:37,76.08,7.0,90.0
1798344,2015-10-01 06:27:43,57.0,5.0,65.0
1798345,2015-10-01 06:29:00,16.6,0.0,20.0
1798346,2015-10-01 06:33:41,4.95,4.95,40.0
1798347,2015-10-01 06:35:19,10.0,0.0,10.0
1798348,2015-10-01 06:37:25,70.0,0.0,70.0
1798349,2015-10-01 06:45:13,21.0,0.0,21.0
1798350,2015-10-01 06:46:06,43.0,0.0,43.0
1798351,2015-10-01 06:50:57,33.170000000000016,0.0,31.0
1798352,2015-10-01 07:01:37,24.2,4.2,20.0
1798353,2015-10-01 07:04:12,125.0,0.0,125.0
1798354,2015-10-01 07:04:29,39.5,0.0,39.5
1798355,2015-10-01 07:06:10,10.0,0.0,10.0
1798356,2015-10-01 07:07:59,0.0,0.0,0.0
1798357,2015-10-01 07:08:57,60.0,0.0,60.0
1798358,2015-10-01 07:28:30,52.5,4.5,48.0
1798359,2015-10-01 07:30:12,18.0,0.0,18.0
1798360,2015-10-01 07:33:09,510.0,10.0,500.0
1798361,2015-10-01 07:33:42,137.95,8.95,129.0
1798362,2015-10-01 07:40:44,0.0,0.0,125.0
1798363,2015-10-01 07:49:00,151.0,0.0,151.0
1798364,2015-10-01 07:52:58,275.1200000000003,2.7000000000000015,257.0
1798365,2015-10-01 07:57:12,1.5,0.0,1.5
1798366,2015-10-01 08:03:45,8.18,4.2,3.98
1798367,2015-10-01 08:04:04,108.0,0.0,108.0
1798368,2015-10-01 08:04:09,10.5,0.0,10.5
1798369,2015-10-01 08:04:46,10.17,4.2,5.97
1798370,2015-10-01 08:10:48,46.0,0.0,46.0
1798371,2015-10-01 08:12:28,269.5,0.0,269.5
1798372,2015-10-01 08:14:19,1.5,0.0,1.5
1798373,2015-10-01 08:14:25,1.5,0.0,1.5
1798374,2015-10-01 08:17:38,99.0,0.0,99.0
1798375,2015-10-01 08:19:02,294.84999999999997,5.950000000000001,270.0
1798376,2015-10-01 08:20:59,1.5,0.0,1.5
1798377,2015-10-01 08:24:13,28.0,5.0,23.0
1798378,2015-10-01 08:29:33,11.19,4.2,6.99
1798379,2015-10-01 08:30:54,16.0,0.0,16.0
1798380,2015-10-01 08:35:42,0.0,0.0,0.0
1798381,2015-10-01 08:38:49,39.5,0.0,39.5
1798382,2015-10-01 08:43:49,75.5,0.0,75.5
1798383,2015-10-01 08:44:13,16.5,0.0,15.0
1798384,2015-10-01 08:48:28,3.0,0.0,3.0
1798385,2015-10-01 08:51:26,34.9,2.8999999999999995,32.0
1798386,2015-10-01 08:55:26,3.0,0.0,3.0
1798387,2015-10-01 08:56:09,10.0,0.0,10.0
1798388,2015-10-01 08:56:12,447.0,0.0,447.0
1798389,2015-10-01 08:58:04,5.0,0.0,5.0
1798390,2015-10-01 09:03:48,87.5,0.0,87.5
1798391,2015-10-01 09:07:34,0.0,0.0,0.0
1798392,2015-10-01 09:10:14,0.0,0.0,0.0
1798393,2015-10-01 09:12:24,45.0,0.0,45.0
1798394,2015-10-01 09:13:27,39.5,0.0,39.5
1798395,2015-10-01 09:16:11,1.5,0.0,1.5
1798396,2015-10-01 09:16:35,14.15,4.2,9.95
1798397,2015-10-01 09:17:55,353.5,0.0,353.5
1798398,2015-10-01 09:20:38,285.45,8.950000000000001,276.5
1798399,2015-10-01 09:22:50,55.5,0.0,55.5
1798400,2015-10-01 09:30:30,1.5,0.0,1.5
1798401,2015-10-01 09:42:27,1.5,0.0,1.5
1798402,2015-10-01 09:42:44,3.0,0.0,3.0
1798403,2015-10-01 09:49:18,35.1,0.0,45.0
1798404,2015-10-01 09:50:28,167.0,12.0,155.0
1798405,2015-10-01 09:54:14,192.95000000000002,7.95,185.0
1798406,2015-10-01 09:55:12,79.0,0.0,79.0
1798407,2015-10-01 09:56:00,5.0,0.0,5.0
1798408,2015-10-01 09:56:06,46.0,0.0,46.0
1798409,2015-10-01 09:56:44,75.0,0.0,75.0
1798410,2015-10-01 09:57:54,36.0,0.0,36.0
1798411,2015-10-01 09:59:07,12.69,4.2,8.49
1798412,2015-10-01 10:01:06,24.0,0.0,24.0
1798413,2015-10-01 10:01:58,63.0,10.0,50.0
1798414,2015-10-01 10:05:16,207.0,0.0,207.0
1798415,2015-10-01 10:06:49,12.5,0.0,12.5
1798416,2015-10-01 10:10:18,1.5,0.0,1.5
1798417,2015-10-01 10:14:20,1.5,0.0,1.5
1798418,2015-10-01 10:15:54,1.5,0.0,1.5
1798419,2015-10-01 10:18:30,0.0,0.0,0.0
1798420,2015-10-01 10:18:52,14.14,8.14,6.0
1798421,2015-10-01 10:19:22,139.19999999999993,4.200000000000002,135.0
1798422,2015-10-01 10:19:31,1.5,0.0,1.5
1798423,2015-10-01 10:22:31,20.2,4.2,16.0
1798424,2015-10-01 10:22:32,252.0,0.0,360.0
1798425,2015-10-01 10:28:58,0.0,0.0,0.0
1798426,2015-10-01 10:35:04,26.0,6.0,20.0
1798427,2015-10-01 10:44:19,200.0,0.0,200.0
1798428,2015-10-01 10:46:01,800.0,0.0,800.0
1798429,2015-10-01 10:46:29,114.0,0.0,114.0
1798430,2015-10-01 10:51:38,1.5,0.0,1.5
1798431,2015-10-01 10:52:36,61.0,6.0,55.0
1798432,2015-10-01 10:55:07,349.3,0.0,499.0
1798433,2015-10-01 10:57:12,170.0,0.0,170.0
1798434,2015-10-01 10:58:09,1.5,0.0,1.5
1798435,2015-10-01 11:14:07,65.0,0.0,65.0
1798436,2015-10-01 11:15:12,444.1599999999999,0.0,421.0
1798437,2015-10-01 11:15:45,18.67,5.95,12.0
1798438,2015-10-01 11:19:08,50.0,0.0,50.0
1798439,2015-10-01 11:21:21,1.5,0.0,1.5
1798440,2015-10-01 11:27:22,0.0,0.0,5.0
1798441,2015-10-01 11:33:58,69.0,0.0,69.0
1798442,2015-10-01 11:35:41,60.71000000000002,4.0,53.5
1798443,2015-10-01 11:35:46,300.0,0.0,300.0
1798444,2015-10-01 11:35:49,429.5,3.5,426.0
1798445,2015-10-01 11:45:01,21.5,0.0,21.5
1798446,2015-10-01 11:45:11,49.0,0.0,49.0
1798447,2015-10-01 11:45:39,279.0299999999999,7.0,270.0
1798448,2015-10-01 11:49:06,18.0,0.0,18.0
1798449,2015-10-01 11:55:39,40.0,0.0,40.0
1798450,2015-10-01 11:56:34,181.90000000000006,0.0,170.0
1798451,2015-10-01 11:58:13,49.95,4.95,45.0
1798452,2015-10-01 12:00:05,10.63,0.0,10.0
1798453,2015-10-01 12:01:45,34.75,5.95,36.0
1798454,2015-10-01 12:02:36,139.15,4.15,135.0
1798455,2015-10-01 12:05:29,28.149999999999995,0.0,26.0
1798456,2015-10-01 12:06:33,14.069999999999999,4.95,8.6
1798457,2015-10-01 12:11:25,0.0,0.0,29.400000000000002
1798458,2015-10-01 12:11:43,30.0,0.0,30.0
1798459,2015-10-01 12:12:38,7.19,4.2,2.99
1798460,2015-10-01 12:13:17,148.5,0.0,135.0
1798461,2015-10-01 12:14:42,82.0,0.0,125.0
1798462,2015-10-01 12:15:41,3.0,0.0,3.0
1798463,2015-10-01 12:15:55,38.60000000000001,0.0,38.59000000000002
1798464,2015-10-01 12:17:23,37.82,4.2,33.62
1798465,2015-10-01 12:18:26,0.0,0.0,0.0
1798466,2015-10-01 12:19:09,0.0,0.0,0.0
1798467,2015-10-01 12:19:39,87.2,0.0,80.0
1798468,2015-10-01 12:20:31,35.1,0.0,45.0
1798469,2015-10-01 12:20:32,30.0,0.0,30.0
1798470,2015-10-01 12:22:53,14.76,4.200000000000001,10.559999999999999
1798471,2015-10-01 12:25:34,61.48,0.0,58.0
1798472,2015-10-01 12:26:25,39.949999999999996,4.95,35.0
1798473,2015-10-01 12:28:58,0.0,0.0,0.0
1798474,2015-10-01 12:30:38,0.0,0.0,0.0
1798475,2015-10-01 12:31:05,40.49,9.99,28.5
1798476,2015-10-01 12:33:47,19.65,5.95,13.7
1798477,2015-10-01 12:34:09,40.0,0.0,40.0
1798478,2015-10-01 12:34:14,37.1,0.0,35.0
1798479,2015-10-01 12:34:55,51.96,0.0,48.0
1798480,2015-10-01 12:36:22,0.0,0.0,0.0
1798481,2015-10-01 12:39:03,168.0,3.0,165.0
1798482,2015-10-01 12:41:25,81.85,5.95,70.0
1798483,2015-10-01 12:41:27,30.0,0.0,30.0
1798484,2015-10-01 12:42:16,81.0,5.0,95.0
1798485,2015-10-01 12:45:21,18.88,5.48,12.0
1798486,2015-10-01 12:47:49,55.0,4.0,51.0
1798487,2015-10-01 12:50:13,114.0,0.0,114.0
1798488,2015-10-01 12:50:35,63.65999999999999,4.95,58.71
1798489,2015-10-01 12:50:45,30.0,0.0,30.0
1798490,2015-10-01 12:51:54,26.75,3.9500000000000006,22.8
1798491,2015-10-01 12:52:07,384.3,0.0,360.0
1798492,2015-10-01 12:55:54,14.95,4.95,10.0
1798493,2015-10-01 12:56:44,21.47,4.1499999999999995,17.32
1798494,2015-10-01 12:59:01,208.65,0.0,195.0
1798495,2015-10-01 12:59:03,15.2,4.2,11.0
1798496,2015-10-01 13:00:36,45.5,4.95,38.25
1798497,2015-10-01 13:02:08,231.0,0.0,220.0
1798498,2015-10-01 13:02:31,37.86,5.95,30.0
1798499,2015-10-01 13:02:54,29.24,4.95,24.29
1798500,2015-10-01 13:04:14,159.95000000000002,4.950000000000001,155.0
1798501,2015-10-01 13:04:16,24.3,0.0,30.0
1798502,2015-10-01 13:04:16,7.47,0.0,7.470000000000001
1798503,2015-10-01 13:06:01,73.60000000000001,10.0,60.0
1798504,2015-10-01 13:06:14,47.70000000000001,4.95,45.0
1798505,2015-10-01 13:07:08,24.27,0.0,23.0
1798506,2015-10-01 13:09:02,200.0,0.0,200.0
1798507,2015-10-01 13:09:52,213.0,0.0,200.0
1798508,2015-10-01 13:10:38,35.0,0.0,35.0
1798509,2015-10-01 13:10:48,0.0,0.0,0.0
1798510,2015-10-01 13:13:03,22.5,0.0,22.5
1798511,2015-10-01 13:15:28,49.43,0.0,46.2
1798512,2015-10-01 13:16:35,138.66000000000003,0.0,150.0
1798513,2015-10-01 13:17:20,44.9,4.95,37.0
1798514,2015-10-01 13:19:30,20.0,0.0,20.0
1798515,2015-10-01 13:21:05,62.7,4.15,55.0
1798516,2015-10-01 13:24:14,0.0,0.0,0.0
1798517,2015-10-01 13:24:57,67.03,0.0,62.5
1798518,2015-10-01 13:24:58,0.0,0.0,0.0
1798519,2015-10-01 13:25:24,38.33,9.1,27.0
1798520,2015-10-01 13:25:39,106.95,4.95,102.0
1798521,2015-10-01 13:25:39,0.0,0.0,0.0
1798522,2015-10-01 13:26:02,0.0,0.0,0.0
1798523,2015-10-01 13:26:47,8.58,0.0,8.0
1798524,2015-10-01 13:29:39,63.6,0.0,60.0
1798525,2015-10-01 13:31:17,225.0,0.0,225.0
1798526,2015-10-01 13:32:14,24.15,4.15,20.0
1798527,2015-10-01 13:32:31,51.0,0.0,51.0
1798528,2015-10-01 13:38:13,60.5,0.0,60.5
1798529,2015-10-01 13:39:49,75.0,0.0,75.0
1798530,2015-10-01 13:40:39,0.0,0.0,0.0
1798531,2015-10-01 13:40:58,0.0,0.0,0.0
1798532,2015-10-01 13:41:04,67.5,0.0,38.0
1798533,2015-10-01 13:41:47,51.699999999999996,4.0,50.0
1798534,2015-10-01 13:44:14,24.64,0.0,22.5
1798535,2015-10-01 13:44:39,46.6,5.0,52.0
1798536,2015-10-01 13:44:52,133.75,0.0,0.0
1798537,2015-10-01 13:46:40,20.0,0.0,20.0
1798538,2015-10-01 13:48:01,68.67,0.0,63.0
1798539,2015-10-01 13:48:18,100.0,0.0,100.0
1798540,2015-10-01 13:49:12,72.9,0.0,81.0
1798541,2015-10-01 13:49:43,46.0,6.0,40.0
1798542,2015-10-01 13:52:04,33.2,4.2,29.0
1798543,2015-10-01 13:52:34,26.5,0.0,25.0
1798544,2015-10-01 13:52:39,28.0,0.0,28.0
1798545,2015-10-01 13:52:42,32.42,2.5,28.0
1798546,2015-10-01 13:53:53,26.5,0.0,25.0
1798547,2015-10-01 13:54:14,62.01000000000005,7.0,101.5
1798548,2015-10-01 13:54:33,19.15,4.15,15.0
1798549,2015-10-01 13:55:34,68.55,4.95,60.0
1798550,2015-10-01 13:56:28,100.0,0.0,0.0
1798551,2015-10-01 13:56:32,14.17,0.0,13.0
1798552,2015-10-01 13:56:50,199.15,4.15,195.0
1798553,2015-10-01 13:59:42,21.01,0.0,21.0
1798554,2015-10-01 14:00:03,0.0,0.0,0.0
1798555,2015-10-01 14:00:35,5.0,0.0,5.0
1798556,2015-10-01 14:01:50,135.0,0.0,135.0
1798557,2015-10-01 14:02:06,251.5,3.5,248.0
1798558,2015-10-01 14:03:24,86.0,5.0,81.0
1798559,2015-10-01 14:05:20,25.0,7.0,18.0
1798560,2015-10-01 14:06:04,40.95,4.95,36.0
1798561,2015-10-01 14:07:26,30.0,0.0,30.0
1798562,2015-10-01 14:08:36,19.15,4.15,15.0
1798563,2015-10-01 14:08:52,56.290000000000006,0.0,104.0
1798564,2015-10-01 14:09:19,38.07,4.95,36.0
1798565,2015-10-01 14:12:40,60.0,0.0,60.0
1798566,2015-10-01 14:12:56,0.0,0.0,0.0
1798567,2015-10-01 14:12:57,26.51,4.95,20.0
1798568,2015-10-01 14:13:25,73.95,4.95,69.0
1798569,2015-10-01 14:14:45,8.18,4.15,4.029999999999999
1798570,2015-10-01 14:16:48,32.95,5.95,28.0
1798571,2015-10-01 14:18:10,46.95,4.95,42.0
1798572,2015-10-01 14:18:22,0.0,0.0,165.0
1798573,2015-10-01 14:19:56,478.13,0.0,450.0
1798575,2015-10-01 14:21:00,54.95,4.95,50.0
1798576,2015-10-01 14:24:23,55.0,0.0,55.0
1798577,2015-10-01 14:27:31,91.0,4.0,87.0
1798578,2015-10-01 14:27:59,33.54,0.0,31.349999999999994
1798579,2015-10-01 14:30:15,19.95,4.95,15.0
1798580,2015-10-01 14:30:29,70.0,0.0,70.0
1798581,2015-10-01 14:30:43,49.0,7.0,42.0
1798582,2015-10-01 14:31:50,94.95,4.95,90.0
1798583,2015-10-01 14:32:09,25.35,4.15,20.0
1798584,2015-10-01 14:33:04,16.38,4.95,11.43
1798585,2015-10-01 14:33:57,15.0,0.0,15.0
1798586,2015-10-01 14:35:00,89.75,4.95,80.0
1798587,2015-10-01 14:35:19,211.66,0.0,192.86
1798588,2015-10-01 14:36:46,59.400000000000034,0.0,94.0
1798589,2015-10-01 14:37:16,66.95,5.95,61.0
1798590,2015-10-01 14:38:08,109.25,0.0,100.0
1798591,2015-10-01 14:39:55,151.62,4.95,230.0
1798592,2015-10-01 14:40:46,44.75,4.95,39.8
1798593,2015-10-01 14:41:08,66.0,7.0,59.0
1798594,2015-10-01 14:41:26,754.1999999999995,0.0,704.0
1798595,2015-10-01 14:42:45,0.0,0.0,0.0
1798596,2015-10-01 14:43:52,50.26,0.0,46.0
1798597,2015-10-01 14:44:59,132.44,0.0,325.0
1798598,2015-10-01 14:47:54,750.0,0.0,750.0
1798599,2015-10-01 14:48:35,57.62,5.950000000000001,48.0
1798600,2015-10-01 14:49:14,26.95,4.95,22.0
1798601,2015-10-01 14:50:22,43.35,0.0,40.0
1798602,2015-10-01 14:52:09,38.0,8.0,30.0
1798603,2015-10-01 14:53:15,32.7,0.0,30.0
1798604,2015-10-01 14:55:49,46.64,0.0,44.0
1798605,2015-10-01 14:57:04,0.0,0.0,0.0
1798606,2015-10-01 14:57:17,81.0,0.0,81.0
1798607,2015-10-01 14:58:02,144.9,0.0,138.0
1798608,2015-10-01 14:58:07,9.75,0.0,9.0
1798609,2015-10-01 14:58:52,128.69000000000003,6.5,115.0
1798610,2015-10-01 14:59:20,19.2,4.2,15.0
1798611,2015-10-01 15:00:12,1.5,0.0,1.5
1798612,2015-10-01 15:00:17,0.0,0.0,0.0
1798613,2015-10-01 15:03:12,70.16,2.0,64.0
1798614,2015-10-01 15:05:19,29.95,4.95,25.0
1798615,2015-10-01 15:05:33,24.15,4.15,20.0
1798616,2015-10-01 15:05:55,40.0,0.0,40.0
1798617,2015-10-01 15:06:47,177.70000000000002,2.6999999999999997,175.0
1798618,2015-10-01 15:06:56,175.0,0.0,175.0
1798619,2015-10-01 15:07:12,32.06,0.0,0.0
1798620,2015-10-01 15:08:52,49.0,0.0,49.0
1798621,2015-10-01 15:09:41,21.150000000000002,4.950000000000001,15.0
1798622,2015-10-01 15:10:06,51.45,0.0,49.0
1798623,2015-10-01 15:10:30,123.41000000000001,0.0,114.0
1798624,2015-10-01 15:10:46,15.0,0.0,15.0
1798625,2015-10-01 15:11:20,17.0,5.0,15.0
1798626,2015-10-01 15:15:22,213.44999999999987,0.0,0.0
1798627,2015-10-01 15:16:41,55.0,0.0,55.0
1798628,2015-10-01 15:17:29,30.75,4.95,24.0
1798629,2015-10-01 15:17:35,55.700000000000024,12.5,40.0
1798630,2015-10-01 15:18:02,28.0,7.0,21.0
1798631,2015-10-01 15:19:07,0.0,0.0,650.0
1798632,2015-10-01 15:22:57,18.0,0.0,30.0
1798633,2015-10-01 15:24:13,48.350000000000016,4.0,60.0
1798634,2015-10-01 15:24:47,12.5,0.0,12.5
1798635,2015-10-01 15:25:11,130.38,0.0,123.0
1798636,2015-10-01 15:25:16,0.0,0.0,0.0
1798637,2015-10-01 15:26:03,431.0,5.0,426.0
1798638,2015-10-01 15:27:01,36.75,4.95,30.0
1798639,2015-10-01 15:28:27,139.92,6.0,124.0
1798640,2015-10-01 15:29:41,21.11,5.95,14.0
1798641,2015-10-01 15:31:57,18.0,0.0,18.0
1798642,2015-10-01 15:32:15,35.0,0.0,35.0
1798643,2015-10-01 15:32:46,108.0,15.0,93.0
1798644,2015-10-01 15:32:50,23.54,0.0,22.0
1798645,2015-10-01 15:34:25,52.71,2.0,47.0
1798646,2015-10-01 15:34:40,129.59,0.0,66.0
1798648,2015-10-01 15:35:48,10.0,0.0,10.0
1798649,2015-10-01 15:36:57,331.36,5.0,299.0
1798650,2015-10-01 15:38:10,47.61,5.0,39.0
1798651,2015-10-01 15:39:41,0.0,0.0,0.0
1798652,2015-10-01 15:42:10,52.19,0.0,49.0
1798654,2015-10-01 15:43:57,42.15,5.0,34.0
1798655,2015-10-01 15:46:08,131.1,0.0,120.0
1798656,2015-10-01 15:48:46,127.28999999999998,9.950000000000001,108.15000000000003
1798657,2015-10-01 15:49:04,16.259999999999994,4.95,11.310000000000002
1798658,2015-10-01 15:51:05,54.0,0.0,54.0
1798659,2015-10-01 15:51:36,300.0,0.0,300.0
1798660,2015-10-01 15:51:45,0.0,0.0,0.0
1798661,2015-10-01 15:51:59,11.5,5.95,5.0
1798662,2015-10-01 15:52:07,173.5,10.0,150.0
1798663,2015-10-01 15:52:13,150.0,0.0,150.0
1798664,2015-10-01 15:52:42,0.0,0.0,60.0
1798665,2015-10-01 15:52:43,75.0,0.0,75.0
1798666,2015-10-01 15:53:43,64.95,4.95,60.0
1798667,2015-10-01 15:53:46,5.0,0.0,5.0
1798668,2015-10-01 15:56:52,298.25999999999993,13.950000000000001,335.0
1798669,2015-10-01 15:56:52,0.0,0.0,0.0
1798670,2015-10-01 15:58:11,100.0,0.0,100.0
1798671,2015-10-01 15:58:18,0.0,0.0,0.0
1798672,2015-10-01 15:59:06,39.99,0.0,39.99
1798673,2015-10-01 15:59:46,4.150000000000003,4.150000000000003,20.799999999999986
1798674,2015-10-01 16:00:49,660.0,0.0,660.0
1798675,2015-10-01 16:01:07,40.0,0.0,40.0
1798676,2015-10-01 16:01:18,0.0,0.0,0.0
1798677,2015-10-01 16:03:31,1.5,0.0,1.5
1798678,2015-10-01 16:05:29,0.0,0.0,0.0
1798679,2015-10-01 16:06:13,96.0,0.0,96.0
1798680,2015-10-01 16:09:11,1.5,0.0,1.5
1798681,2015-10-01 16:09:40,35.59,5.0,28.0
1798682,2015-10-01 16:09:50,124.85,4.0,140.0
1798683,2015-10-01 16:10:28,0.0,0.0,0.0
1798684,2015-10-01 16:11:19,30.0,0.0,30.0
1798685,2015-10-01 16:11:44,16.98,2.0,14.0
1798686,2015-10-01 16:12:43,32.0,0.0,32.0
1798687,2015-10-01 16:12:50,0.0,0.0,0.0
1798688,2015-10-01 16:13:28,70.8,6.0,60.0
1798689,2015-10-01 16:14:17,28.95,4.95,0.0
1798690,2015-10-01 16:14:42,0.0,0.0,0.0
1798691,2015-10-01 16:14:57,49.0,5.0,44.0
1798692,2015-10-01 16:16:08,50.0,0.0,50.0
1798693,2015-10-01 16:17:03,150.0,0.0,150.0
1798694,2015-10-01 16:17:05,89.63,3.5,86.13
1798695,2015-10-01 16:17:16,271.2,0.0,240.0
1798696,2015-10-01 16:17:24,33.320000000000014,4.2,29.12000000000002
1798697,2015-10-01 16:17:30,26.36,0.0,24.0
1798698,2015-10-01 16:18:48,165.94999999999996,7.950000000000001,158.0
1798699,2015-10-01 16:20:59,95.60000000000001,7.0,83.0
1798700,2015-10-01 16:21:46,4.68,4.2,0.48
1798701,2015-10-01 16:21:47,49.59,0.0,47.0
1798702,2015-10-01 16:22:09,52.1,4.15,45.0
1798703,2015-10-01 16:23:07,18.43,0.0,17.0
1798704,2015-10-01 16:23:07,129.54999999999998,5.0,114.0
1798705,2015-10-01 16:24:05,0.0,0.0,0.0
1798706,2015-10-01 16:25:39,81.94,0.0,75.0
1798707,2015-10-01 16:26:41,65.72,0.0,62.0
1798708,2015-10-01 16:27:20,69.75,7.5,208.0
1798709,2015-10-01 16:27:26,50.949999999999996,5.950000000000001,45.0
1798710,2015-10-01 16:28:02,38.4,6.0,30.0
1798711,2015-10-01 16:28:10,44.52,0.0,42.0
1798712,2015-10-01 16:28:48,307.5,7.5,300.0
1798713,2015-10-01 16:29:00,30.31,0.0,28.0
1798714,2015-10-01 16:30:40,104.64,0.0,96.0
1798715,2015-10-01 16:34:03,42.13999999999999,5.950000000000001,36.190000000000005
1798716,2015-10-01 16:34:18,51.36,0.0,48.0
1798717,2015-10-01 16:35:39,0.0,0.0,0.0
1798718,2015-10-01 16:35:52,75.0,0.0,75.0
1798719,2015-10-01 16:36:58,506.1800000000001,5.5,472.34000000000003
1798720,2015-10-01 16:37:02,37.89,0.0,35.0
1798721,2015-10-01 16:37:18,32.33,0.0,29.95
1798722,2015-10-01 16:37:20,193.36999999999995,5.950000000000002,209.0
1798723,2015-10-01 16:37:20,56.68,0.0,52.0
1798724,2015-10-01 16:37:38,59.93,12.0,45.0
1798725,2015-10-01 16:37:41,57.809999999999995,0.0,55.0
1798726,2015-10-01 16:38:25,128.33,0.0,118.0
1798727,2015-10-01 16:38:25,18.0,0.0,18.0
1798728,2015-10-01 16:38:37,25.0,0.0,25.0
1798729,2015-10-01 16:38:51,44.52,0.0,42.0
1798730,2015-10-01 16:39:00,1.5,0.0,1.5
1798731,2015-10-01 16:39:05,48.04,0.0,45.0
1798733,2015-10-01 16:43:31,75.0,0.0,75.0
1798734,2015-10-01 16:44:20,41.87,4.95,34.5
1798735,2015-10-01 16:44:55,12.1,4.95,7.15
1798736,2015-10-01 16:47:04,100.0,0.0,100.0
1798737,2015-10-01 16:47:15,72.0,0.0,322.0
1798738,2015-10-01 16:48:53,46.32999999999999,0.0,43.3
1798739,2015-10-01 16:49:02,15.0,0.0,15.0
1798740,2015-10-01 16:50:56,110.0,10.0,100.0
1798741,2015-10-01 16:51:52,49.0,4.0,45.0
1798742,2015-10-01 16:53:05,226.83,5.0,210.0
1798743,2015-10-01 16:53:57,0.0,0.0,48.0
1798744,2015-10-01 16:58:37,0.0,0.0,0.0
1798745,2015-10-01 16:59:54,0.0,0.0,0.0
1798746,2015-10-01 17:01:00,32.45,5.95,25.0
1798747,2015-10-01 17:01:24,1.5,0.0,1.5
1798748,2015-10-01 17:03:07,15.0,0.0,15.0
1798749,2015-10-01 17:03:38,16.01,0.0,15.0
1798750,2015-10-01 17:03:50,84.8,0.0,80.0
1798751,2015-10-01 17:05:07,0.0,0.0,0.0
1798752,2015-10-01 17:05:42,541.25,0.0,500.0
1798753,2015-10-01 17:06:30,521.55,0.0,549.0
1798754,2015-10-01 17:07:17,236.32,0.0,224.0
1798755,2015-10-01 17:07:33,132.81,3.5,119.94999999999999
1798756,2015-10-01 17:09:14,100.0,0.0,100.0
1798757,2015-10-01 17:11:06,54.65999999999998,5.950000000000001,0.0
1798758,2015-10-01 17:11:52,443.0,10.0,400.0
1798759,2015-10-01 17:13:14,0.0,0.0,0.0
1798760,2015-10-01 17:14:47,0.0,0.0,0.0
1798761,2015-10-01 17:14:50,37.0,0.0,37.0
1798762,2015-10-01 17:15:01,69.99,0.0,70.02
1798763,2015-10-01 17:16:56,15.3,5.95,8.76
1798764,2015-10-01 17:17:19,32.93,0.0,30.0
1798765,2015-10-01 17:18:34,109.95,4.95,105.0
1798766,2015-10-01 17:19:17,296.2200000000001,5.5,274.24
1798767,2015-10-01 17:20:32,64.95,4.95,60.0
1798768,2015-10-01 17:22:20,154.0,0.0,140.0
1798769,2015-10-01 17:25:25,537.42,12.0,0.0
1798770,2015-10-01 17:25:37,50.0,0.0,50.0
1798771,2015-10-01 17:25:53,56.84,0.0,53.0
1798772,2015-10-01 17:26:59,161.0,4.0,157.0
1798773,2015-10-01 17:30:23,10.6,0.0,10.0
1798774,2015-10-01 17:32:54,0.0,0.0,0.0
1798775,2015-10-01 17:33:37,0.0,0.0,124.0
1798776,2015-10-01 17:34:39,21.54,0.0,19.95
1798777,2015-10-01 17:36:26,40.42,0.0,37.0
1798778,2015-10-01 17:37:45,162.0,0.0,150.0
1798779,2015-10-01 17:37:48,48.949999999999996,4.95,44.0
1798780,2015-10-01 17:38:47,186.44999999999993,13.949999999999994,230.0
1798781,2015-10-01 17:39:32,465.0,0.0,465.0
1798782,2015-10-01 17:39:39,510.0,0.0,510.0
1798783,2015-10-01 17:40:20,154.0,0.0,140.0
1798784,2015-10-01 17:43:43,6.29,3.99,2.3
1798785,2015-10-01 17:43:59,18.11,5.0,12.0
1798786,2015-10-01 17:45:09,29.97,4.15,24.0
1798787,2015-10-01 17:45:17,77.0,0.0,77.0
1798788,2015-10-01 17:46:16,36.15,4.15,32.0
1798789,2015-10-01 17:46:29,0.0,0.0,0.0
1798790,2015-10-01 17:47:13,424.0,0.0,400.0
1798791,2015-10-01 17:47:36,30.0,0.0,30.0
1798792,2015-10-01 17:47:42,33.5,7.0,25.0
1798793,2015-10-01 17:50:19,49.05,0.0,45.0
1798794,2015-10-01 17:50:42,548.74,0.0,499.99
1798795,2015-10-01 17:51:11,0.0,0.0,0.0
1798796,2015-10-01 17:51:17,65.4,0.0,60.0
1798798,2015-10-01 17:52:58,19.0,0.0,20.0
1798799,2015-10-01 17:53:15,26.02,0.0,24.0
1798800,2015-10-01 17:54:02,44.04999999999999,4.95,39.1
1798801,2015-10-01 17:54:05,723.81,5.95,675.0
1798802,2015-10-01 17:55:01,170.0,0.0,170.0
1798803,2015-10-01 17:55:12,9.18,4.2,4.98
1798804,2015-10-01 17:55:22,15.0,0.0,15.0
1798805,2015-10-01 17:56:04,31.8,0.0,30.0
1798806,2015-10-01 17:56:34,16.0,0.0,16.0
1798807,2015-10-01 17:58:33,53.13,0.0,50.0
1798808,2015-10-01 18:01:09,43.0,15.0,28.0
1798809,2015-10-01 18:02:10,64.38,7.5,56.879999999999995
1798810,2015-10-01 18:03:56,0.01,0.0,0.01
1798811,2015-10-01 18:04:46,65.0,5.0,60.0
1798812,2015-10-01 18:06:32,121.89999999999999,0.0,115.0
1798813,2015-10-01 18:06:37,60.0,0.0,60.0
1798814,2015-10-01 18:07:24,248.17000000000004,6.0,225.0
1798815,2015-10-01 18:07:35,29.0,4.0,25.0
1798816,2015-10-01 18:07:38,32.95,4.95,28.0
1798817,2015-10-01 18:07:45,0.0,0.0,250.0
1798818,2015-10-01 18:09:48,129.62,6.0,115.0
1798819,2015-10-01 18:09:55,24.09,4.95,19.14
1798820,2015-10-01 18:11:24,26.95,4.95,20.0
1798821,2015-10-01 18:11:25,34.4,4.95,31.0
1798822,2015-10-01 18:11:33,0.5,0.5,200.0
1798823,2015-10-01 18:14:49,149.95000000000002,4.95,145.0
1798824,2015-10-01 18:16:18,125.0,0.0,125.0
1798825,2015-10-01 18:16:26,29.04,5.0,22.0
1798826,2015-10-01 18:17:00,10.69,4.2,6.49
1798827,2015-10-01 18:17:05,77.7,3.5,70.0
1798828,2015-10-01 18:17:07,22.9,3.0,19.9
1798829,2015-10-01 18:18:29,35.15,5.95,29.0
1798830,2015-10-01 18:19:48,228.0,0.0,228.0
1798831,2015-10-01 18:20:24,35.59,5.0,28.0
1798832,2015-10-01 18:21:52,34.96,0.0,32.0
1798833,2015-10-01 18:22:04,299.75,0.0,275.0
1798834,2015-10-01 18:23:17,27.31,0.0,25.0
1798835,2015-10-01 18:24:11,0.0,0.0,0.0
1798836,2015-10-01 18:26:55,150.88999999999996,0.0,240.0
1798837,2015-10-01 18:27:04,27.98,4.95,20.9
1798838,2015-10-01 18:27:52,1997.0,149.0,1848.0
1798839,2015-10-01 18:28:02,223.63000000000005,0.0,209.0
1798840,2015-10-01 18:28:09,0.0,0.0,0.0
1798841,2015-10-01 18:28:23,311.0,10.0,301.0
1798842,2015-10-01 18:31:15,63.25,4.0,59.25
1798843,2015-10-01 18:32:48,148.38,7.0,130.0
1798844,2015-10-01 18:32:55,43.92,4.95,36.0
1798845,2015-10-01 18:34:44,76.27999999999999,5.0,66.0
1798846,2015-10-01 18:35:44,40.01,12.95,25.0
1798847,2015-10-01 18:36:03,500.0,0.0,500.0
1798848,2015-10-01 18:36:41,400.0,0.0,400.0
1798849,2015-10-01 18:36:47,0.0,0.0,10.0
1798851,2015-10-01 18:38:39,0.0,0.0,0.0
1798852,2015-10-01 18:38:41,140.73,0.0,130.0
1798853,2015-10-01 18:40:40,24.09,4.95,19.14
1798854,2015-10-01 18:41:08,10.7,0.0,10.0
1798855,2015-10-01 18:41:54,22.5,0.0,22.5
1798856,2015-10-01 18:43:26,400.0,0.0,400.0
1798857,2015-10-01 18:44:10,15.72,4.2,11.520000000000003
1798858,2015-10-01 18:44:46,350.0,0.0,350.0
1798859,2015-10-01 18:45:01,110.53999999999998,4.0,148.0
1798860,2015-10-01 18:45:15,63.36000000000001,0.0,260.0
1798861,2015-10-01 18:45:30,21.65,0.0,20.0
1798862,2015-10-01 18:46:22,755.0,0.0,604.0
1798863,2015-10-01 18:46:48,10.0,0.0,10.0
1798864,2015-10-01 18:47:46,191.45000000000002,7.950000000000002,183.5
1798865,2015-10-01 18:47:52,20.0,0.0,20.0
1798866,2015-10-01 18:50:04,380.0,0.0,380.0
1798867,2015-10-01 18:50:40,12.990000000000007,12.990000000000007,0.0
1798868,2015-10-01 18:51:37,32.89,5.95,25.3
1798869,2015-10-01 18:54:39,12.67,4.2,8.47
1798870,2015-10-01 18:55:43,30.92,5.0,24.0
1798871,2015-10-01 18:56:35,21.65,0.0,20.0
1798872,2015-10-01 18:56:47,43.0,15.0,28.0
1798873,2015-10-01 18:58:36,77.0,0.0,77.0
1798874,2015-10-01 18:59:25,0.0,0.0,42.5
1798875,2015-10-01 19:01:49,94.90999999999998,5.0,89.91
1798876,2015-10-01 19:02:21,45.74,4.95,40.79
1798877,2015-10-01 19:02:26,99.11,3.5,10.0
1798878,2015-10-01 19:02:51,50.0,0.0,50.0
1798879,2015-10-01 19:05:46,7.73,4.15,3.58
1798880,2015-10-01 19:08:40,64.95,4.95,60.0
1798881,2015-10-01 19:10:17,46.0,0.0,46.0
1798882,2015-10-01 19:11:07,1780.0,21.0,1759.0
1798883,2015-10-01 19:11:19,57.85,0.0,54.0
1798884,2015-10-01 19:12:12,114.78,3.5,104.0
1798885,2015-10-01 19:13:32,42.05,4.95,0.0
1798886,2015-10-01 19:14:43,26.600000000000005,5.0,0.0
1798887,2015-10-01 19:14:55,189.65999999999997,4.0,174.0
1798888,2015-10-01 19:15:30,0.0,0.0,0.0
1798889,2015-10-01 19:15:56,16.53,5.95,9.76
1798890,2015-10-01 19:16:46,441.0,21.0,420.0
1798891,2015-10-01 19:16:55,41.1,5.95,33.0
1798892,2015-10-01 19:17:29,0.0,0.0,20.0
1798893,2015-10-01 19:18:05,69.77,4.0,73.0
1798894,2015-10-01 19:18:38,37.1,0.0,35.0
1798895,2015-10-01 19:19:32,42.05,4.95,0.0
1798896,2015-10-01 19:19:35,35.59,5.95,27.83
1798897,2015-10-01 19:20:40,24.67,5.0,18.0
1798898,2015-10-01 19:20:59,107.0,0.0,107.0
1798899,2015-10-01 19:21:06,50.0,0.0,50.0
1798900,2015-10-01 19:21:13,97.25,5.950000000000001,8.0
1798901,2015-10-01 19:22:11,240.0,0.0,240.0
1798902,2015-10-01 19:22:20,57.32,4.95,48.0
1798903,2015-10-01 19:23:15,20.0,0.0,20.0
1798904,2015-10-01 19:24:22,54.02999999999999,0.0,0.0
1798905,2015-10-01 19:24:37,49.9,0.0,46.1
1798906,2015-10-01 19:24:47,185.95000000000002,5.950000000000002,180.0
1798907,2015-10-01 19:25:40,88.41,21.0,63.0
1798908,2015-10-01 19:27:10,70.95,7.949999999999996,63.0
1798909,2015-10-01 19:28:04,44.0,0.0,44.0
1798910,2015-10-01 19:28:09,48.699999999999996,5.0,40.0
1798911,2015-10-01 19:28:20,19.72,3.5,14.97
1798912,2015-10-01 19:28:26,139.7,5.95,125.0
1798913,2015-10-01 19:28:32,40.0,0.0,40.0
1798914,2015-10-01 19:28:50,274.5,7.0,250.0
1798915,2015-10-01 19:29:02,21.95,0.0,20.0
1798916,2015-10-01 19:30:12,38.15,0.0,35.0
1798917,2015-10-01 19:30:35,78.92,0.0,71.91000000000001
1798918,2015-10-01 19:31:07,38.16,0.0,36.0
1798919,2015-10-01 19:32:59,15.0,0.0,15.0
1798920,2015-10-01 19:33:27,26.92,5.95,20.97
1798921,2015-10-01 19:33:31,32.0,0.0,32.0
1798922,2015-10-01 19:33:41,50.0,0.0,50.0
1798923,2015-10-01 19:34:32,99.01,7.0,85.0
1798924,2015-10-01 19:37:10,29.11,5.95,23.0
1798925,2015-10-01 19:37:39,0.0,0.0,0.0
1798926,2015-10-01 19:37:48,29.95,4.95,25.0
1798927,2015-10-01 19:38:37,0.0,0.0,0.0
1798928,2015-10-01 19:39:37,20.95,5.95,15.0
1798929,2015-10-01 19:39:45,89.33,0.0,120.0
1798930,2015-10-01 19:40:17,55.14000000000004,3.5,49.30000000000002
1798931,2015-10-01 19:40:29,81.0,5.0,95.0
1798932,2015-10-01 19:42:21,21.11,5.95,14.0
1798933,2015-10-01 19:42:23,981.75,7.5,900.0
1798934,2015-10-01 19:43:05,65.4,0.0,60.0
1798935,2015-10-01 19:43:55,3175.2000000000003,0.0,3969.0
1798936,2015-10-01 19:45:14,12.39,5.95,6.44
1798937,2015-10-01 19:45:18,29.95,4.95,25.0
1798938,2015-10-01 19:46:08,456.88,0.0,430.0
1798939,2015-10-01 19:48:49,56.95000000000001,5.95,51.0
1798940,2015-10-01 19:49:06,63.5,4.0,70.0
1798941,2015-10-01 19:52:05,357.0,4.0,353.0
1798942,2015-10-01 19:54:53,59.38999999999999,6.990000000000001,52.4
1798943,2015-10-01 19:54:56,98.33,0.0,90.0
1798944,2015-10-01 19:55:24,0.0,0.0,0.0
1798945,2015-10-01 19:55:46,148.0,0.0,148.0
1798946,2015-10-01 19:55:47,100.0,0.0,100.0
1798947,2015-10-01 19:56:26,242.0,12.0,230.0
1798948,2015-10-01 19:56:58,100.0,0.0,100.0
1798949,2015-10-01 19:57:00,1.5,0.0,1.5
1798950,2015-10-01 19:58:53,13.93,0.0,13.02
1798951,2015-10-01 19:58:57,0.0,0.0,0.0
1798952,2015-10-01 20:00:10,151.98,4.0,138.95
1798953,2015-10-01 20:00:17,95.0,0.0,195.0
1798954,2015-10-01 20:01:05,53.59000000000007,5.0,45.199999999999925
1798955,2015-10-01 20:02:05,100.8,0.0,90.0
1798956,2015-10-01 20:02:37,41.25,4.1499999999999995,35.0
1798957,2015-10-01 20:04:19,18.99,0.0,68.0
1798958,2015-10-01 20:04:31,29.96,0.0,28.0
1798959,2015-10-01 20:05:40,57.24,0.0,54.0
1798960,2015-10-01 20:06:17,26.15,4.95,20.0
1798961,2015-10-01 20:07:28,57.24,0.0,54.0
1798962,2015-10-01 20:08:50,34.95,4.95,30.0
1798963,2015-10-01 20:09:02,100.0,0.0,100.0
1798964,2015-10-01 20:09:29,25.0,0.0,25.0
1798965,2015-10-01 20:09:34,31.0,4.0,27.0
1798966,2015-10-01 20:10:57,62.11999999999998,3.5,54.280000000000015
1798967,2015-10-01 20:10:57,12.39,5.95,12.88
1798968,2015-10-01 20:11:05,5.0,0.0,5.0
1798969,2015-10-01 20:11:08,25.0,0.0,25.0
1798970,2015-10-01 20:11:20,22.0,0.0,22.0
1798971,2015-10-01 20:11:38,24.2,4.2,20.0
1798972,2015-10-01 20:12:05,33.02,0.0,33.0
1798973,2015-10-01 20:12:18,30.0,0.0,30.0
1798974,2015-10-01 20:13:45,0.0,0.0,0.0
1798975,2015-10-01 20:15:08,59.330000000000005,4.95,50.0
1798976,2015-10-01 20:15:26,49.0,0.0,49.0
1798977,2015-10-01 20:15:28,26.41,5.95,21.0
1798978,2015-10-01 20:15:33,25.0,0.0,25.0
1798979,2015-10-01 20:16:31,35.0,0.0,35.0
1798980,2015-10-01 20:16:57,22.0,0.0,22.0
1798981,2015-10-01 20:17:28,25.0,0.0,25.0
1798982,2015-10-01 20:18:36,60.95000000000001,4.95,56.0
1798983,2015-10-01 20:19:04,24.0,0.0,24.0
1798984,2015-10-01 20:19:38,475.04,0.0,475.0
1798985,2015-10-01 20:19:49,5.0,0.0,5.0
1798986,2015-10-01 20:20:56,40.0,0.0,40.0
1798987,2015-10-01 20:21:13,12.64,5.0,7.0
1798988,2015-10-01 20:21:30,9.7,4.2,5.5
1798989,2015-10-01 20:23:09,0.0,0.0,0.0
1798990,2015-10-01 20:23:43,12.0,2.0,10.0
1798991,2015-10-01 20:23:48,20.11,4.95,14.0
1798992,2015-10-01 20:24:54,19.6,3.6,16.0
1798993,2015-10-01 20:26:10,77.2,4.2,73.0
1798994,2015-10-01 20:26:40,19.95,4.95,15.0
1798995,2015-10-01 20:26:57,7.69,4.2,3.49
1798996,2015-10-01 20:27:44,15.0,0.0,15.0
1798997,2015-10-01 20:27:56,55.0,0.0,55.0
1798998,2015-10-01 20:27:57,28.0,0.0,28.0
1798999,2015-10-01 20:29:01,20.0,0.0,20.0
1799000,2015-10-01 20:29:12,50.0,0.0,50.0
1799001,2015-10-01 20:29:18,8.83,5.95,2.88
1799002,2015-10-01 20:30:20,20.0,0.0,20.0
1799003,2015-10-01 20:31:40,480.94,0.0,500.0
1799004,2015-10-01 20:32:01,150.5,4.1499999999999995,134.14
1799005,2015-10-01 20:32:15,16.05,0.0,15.0
1799006,2015-10-01 20:32:35,60.5,7.0,50.0
1799007,2015-10-01 20:33:22,31.55,4.95,28.0
1799008,2015-10-01 20:33:30,14.23,5.95,8.28
1799009,2015-10-01 20:33:34,42.4,0.0,40.0
1799010,2015-10-01 20:34:45,164.0,4.0,160.0
1799011,2015-10-01 20:35:02,0.0,0.0,0.0
1799012,2015-10-01 20:36:22,39.48,7.0,30.0
1799013,2015-10-01 20:39:25,0.0,0.0,0.0
1799014,2015-10-01 20:41:49,185.72999999999988,0.0,0.0
1799015,2015-10-01 20:41:52,0.0,0.0,0.0
1799016,2015-10-01 20:43:25,101.76,4.0,90.0
1799017,2015-10-01 20:44:22,0.0,0.0,0.0
1799018,2015-10-01 20:44:54,20.0,0.0,20.0
1799019,2015-10-01 20:45:08,22.5,0.0,22.5
1799020,2015-10-01 20:46:42,0.0,0.0,0.0
1799021,2015-10-01 20:46:55,0.0,0.0,0.0
1799022,2015-10-01 20:48:05,11.19,4.2,6.99
1799023,2015-10-01 20:49:03,0.0,0.0,150.0
1799024,2015-10-01 20:49:34,22.09,5.95,15.18
1799025,2015-10-01 20:50:17,118.64999999999999,0.0,105.0
1799026,2015-10-01 20:50:58,255.0,0.0,255.0
1799027,2015-10-01 20:51:55,0.0,0.0,0.0
1799028,2015-10-01 20:53:30,77.76,0.0,80.0
1799029,2015-10-01 20:54:48,40.53000000000003,4.150000000000002,42.5
1799030,2015-10-01 20:59:40,211.09,0.0,195.0
1799031,2015-10-01 21:00:55,75.0,0.0,75.0
1799032,2015-10-01 21:01:12,10.7,0.0,10.0
1799033,2015-10-01 21:01:29,27.0,5.0,22.0
1799034,2015-10-01 21:01:41,38.8,5.95,30.0
1799035,2015-10-01 21:03:08,47.95,4.95,40.0
1799036,2015-10-01 21:04:39,15.98,5.0,10.0
1799037,2015-10-01 21:04:40,25.0,0.0,25.0
1799038,2015-10-01 21:04:49,141.25,0.0,125.0
1799039,2015-10-01 21:08:17,17.1,0.0,16.0
1799040,2015-10-01 21:08:18,225.0,0.0,225.0
1799041,2015-10-01 21:08:28,10.0,0.0,10.0
1799042,2015-10-01 21:10:31,19.12,7.950000000000001,12.0
1799043,2015-10-01 21:10:31,450.0,0.0,500.0
1799044,2015-10-01 21:11:00,0.0,0.0,70.0
1799045,2015-10-01 21:12:30,479.2600000000001,6.0,450.0
1799046,2015-10-01 21:13:08,200.0,0.0,200.0
1799047,2015-10-01 21:14:02,120.30999999999999,3.5,143.2100000000001
1799048,2015-10-01 21:15:29,65.0,0.0,65.0
1799049,2015-10-01 21:17:56,26.32,4.95,20.0
1799050,2015-10-01 21:18:12,28.95,4.95,24.0
1799051,2015-10-01 21:19:06,15.0,0.0,15.0
1799052,2015-10-01 21:20:02,50.0,0.0,50.0
1799053,2015-10-01 21:24:09,25.0,0.0,25.0
1799054,2015-10-01 21:24:39,52.65,4.95,45.0
1799055,2015-10-01 21:24:44,30.51,9.99,20.52
1799056,2015-10-01 21:26:22,0.29,0.0,0.29
1799057,2015-10-01 21:26:36,34.96,0.0,32.0
1799058,2015-10-01 21:27:49,25.13,0.0,23.0
1799059,2015-10-01 21:28:19,145.0,0.0,145.0
1799060,2015-10-01 21:29:01,130.05,0.0,120.0
1799061,2015-10-01 21:29:08,18.86,8.0,10.0
1799062,2015-10-01 21:29:19,81.39,5.95,70.84
1799063,2015-10-01 21:29:25,174.64,0.0,200.0
1799064,2015-10-01 21:29:58,27.949999999999996,4.95,23.0
1799065,2015-10-01 21:30:16,19.6,3.6,16.0
1799066,2015-10-01 21:31:34,116.6,11.2,154.0
1799067,2015-10-01 21:33:10,238.15,0.0,220.0
1799068,2015-10-01 21:33:55,271.0,10.0,261.0
1799069,2015-10-01 21:35:03,20.0,0.0,20.0
1799070,2015-10-01 21:35:39,25.0,0.0,25.0
1799071,2015-10-01 21:35:53,120.0,0.0,120.0
1799072,2015-10-01 21:38:10,65.95,5.95,60.0
1799073,2015-10-01 21:39:34,40.0,0.0,40.0
1799074,2015-10-01 21:42:02,0.0,0.0,0.0
1799075,2015-10-01 21:42:07,65.0,0.0,65.0
1799076,2015-10-01 21:42:58,158.0,0.0,158.0
1799077,2015-10-01 21:43:18,28.95,4.95,24.0
1799078,2015-10-01 21:44:15,18.15,4.15,14.0
1799079,2015-10-01 21:45:05,85.95,4.95,108.0
1799080,2015-10-01 21:46:12,50.0,0.0,50.0
1799081,2015-10-01 21:48:48,30.0,0.0,30.0
1799082,2015-10-01 21:49:29,33.45,4.95,30.0
1799083,2015-10-01 21:49:58,81.85,5.95,70.0
1799085,2015-10-01 21:51:53,20.65,4.15,16.5
1799086,2015-10-01 21:54:36,16.96,4.95,12.0
1799087,2015-10-01 21:54:46,15.0,0.0,15.0
1799088,2015-10-01 21:56:11,12.0,0.0,12.0
1799089,2015-10-01 21:56:25,775.75,0.0,725.0
1799090,2015-10-01 21:57:14,30.0,0.0,30.0
1799091,2015-10-01 21:58:48,133.13,0.0,125.0
1799092,2015-10-01 22:00:17,32.7,0.0,30.0
1799093,2015-10-01 22:00:44,134.38,0.0,123.0
1799094,2015-10-01 22:01:04,78.09,4.95,89.0
1799095,2015-10-01 22:01:24,82.7,0.0,80.0
1799096,2015-10-01 22:01:38,0.0,0.0,435.0
1799097,2015-10-01 22:02:40,180.0,0.0,180.0
1799098,2015-10-01 22:02:41,876.0,0.0,800.0
1799099,2015-10-01 22:03:30,10.9,5.95,4.95
1799100,2015-10-01 22:03:45,140.5,0.0,84.0
1799101,2015-10-01 22:05:33,16.49,0.0,14.99
1799102,2015-10-01 22:06:55,19.53,0.0,18.0
1799103,2015-10-01 22:13:25,20.12,3.95,15.25
1799104,2015-10-01 22:14:37,19.0,0.0,19.0
1799105,2015-10-01 22:15:16,0.0,0.0,0.0
1799106,2015-10-01 22:16:55,0.0,0.0,0.0
1799107,2015-10-01 22:18:38,36.81,0.0,40.0
1799108,2015-10-01 22:18:47,0.0,0.0,0.0
1799109,2015-10-01 22:18:55,20.12,3.95,15.25
1799110,2015-10-01 22:20:04,63.78999999999999,3.5,86.69
1799111,2015-10-01 22:20:42,54.0,0.0,50.0
1799112,2015-10-01 22:22:05,16.86,4.95,11.0
1799113,2015-10-01 22:22:13,33.1,4.95,26.0
1799114,2015-10-01 22:22:34,15.0,0.0,15.0
1799115,2015-10-01 22:23:28,53.47,8.95,42.0
1799116,2015-10-01 22:23:55,24.3,0.0,30.0
1799117,2015-10-01 22:24:12,37.45,0.0,35.0
1799118,2015-10-01 22:25:16,0.0,0.0,435.0
1799119,2015-10-01 22:28:31,274.0,0.0,274.0
1799120,2015-10-01 22:30:03,300.0,0.0,300.0
1799121,2015-10-01 22:30:51,50.0,0.0,50.0
1799122,2015-10-01 22:33:09,7.95,4.95,3.0
1799123,2015-10-01 22:35:03,78.6,4.15,70.0
1799124,2015-10-01 22:36:31,15.0,0.0,15.0
1799125,2015-10-01 22:38:53,0.0,0.0,0.0
1799126,2015-10-01 22:39:20,34.1,4.0,52.0
1799127,2015-10-01 22:39:32,25.0,0.0,25.0
1799128,2015-10-01 22:39:34,68.38,0.0,64.0
1799129,2015-10-01 22:39:47,10.0,0.0,10.0
1799130,2015-10-01 22:41:01,431.92,0.0,399.0
1799131,2015-10-01 22:42:09,65.03,0.0,60.0
1799132,2015-10-01 22:43:23,43.0,0.0,50.0
1799133,2015-10-01 22:43:51,119.91,5.95,107.0
1799134,2015-10-01 22:46:50,111.22000000000001,3.5,100.44000000000003
1799135,2015-10-01 22:47:38,112.0,4.0,108.0
1799136,2015-10-01 22:47:47,427.0,0.0,400.0
1799137,2015-10-01 22:49:08,40.64,3.5,37.13999999999999
1799138,2015-10-01 22:49:15,10.0,0.0,10.0
1799139,2015-10-01 22:53:31,37.5,0.0,37.5
1799140,2015-10-01 22:53:52,63.16,7.0,52.0
1799141,2015-10-01 22:56:26,36.05,0.0,33.0
1799142,2015-10-01 22:57:04,36.75,4.95,30.0
1799143,2015-10-01 22:57:34,47.95,5.95,42.0
1799144,2015-10-01 22:57:40,4.39,0.0,4.0
1799145,2015-10-01 22:59:25,324.7,5.95,300.0
1799146,2015-10-01 22:59:33,20.0,0.0,20.0
1799147,2015-10-01 23:00:15,151.73,0.0,140.0
1799148,2015-10-01 23:03:00,23.2,5.95,23.0
1799149,2015-10-01 23:08:10,49.14999999999999,4.1499999999999995,45.0
1799150,2015-10-01 23:09:11,15.450000000000001,4.95,10.5
1799151,2015-10-01 23:09:51,16.35,0.0,15.0
1799152,2015-10-01 23:10:17,0.0,0.0,0.0
1799153,2015-10-01 23:10:22,52.209999999999994,3.5,0.0
1799154,2015-10-01 23:12:13,25.0,4.0,21.0
1799155,2015-10-01 23:12:24,0.0,0.0,0.0
1799156,2015-10-01 23:12:41,21.0,0.0,21.0
1799157,2015-10-01 23:13:49,79.0,0.0,79.0
1799158,2015-10-01 23:15:07,0.0,0.0,0.0
1799159,2015-10-01 23:15:24,75.0,0.0,75.0
1799160,2015-10-01 23:15:30,24.95,4.95,20.0
1799161,2015-10-01 23:16:59,68.67,6.95,78.0
1799162,2015-10-01 23:18:38,26.380000000000003,0.0,25.0
1799163,2015-10-01 23:18:41,10.7,0.0,10.0
1799164,2015-10-01 23:21:52,0.0,0.0,0.0
1799165,2015-10-01 23:21:58,64.0,0.0,64.0
1799166,2015-10-01 23:22:31,368.34000000000003,4.0,342.09999999999997
1799167,2015-10-01 23:22:35,80.95,5.95,75.0
1799168,2015-10-01 23:22:57,0.0,0.0,0.0
1799169,2015-10-01 23:23:07,60.419999999999995,0.0,57.0
1799170,2015-10-01 23:23:18,584.93,0.0,550.0
1799171,2015-10-01 23:24:49,15.14,0.0,15.0
1799172,2015-10-01 23:25:11,25.77,3.5,20.48
1799173,2015-10-01 23:25:47,54.95000000000001,5.95,49.0
1799174,2015-10-01 23:26:09,175.0,0.0,175.0
1799175,2015-10-01 23:26:32,15.14,0.0,15.0
1799176,2015-10-01 23:28:18,29.040000000000003,5.0,22.0
1799177,2015-10-01 23:29:52,15.14,0.0,15.0
1799178,2015-10-01 23:30:27,33.02,5.0,26.0
1799179,2015-10-01 23:31:16,15.14,0.0,15.0
1799180,2015-10-01 23:32:20,12.6,0.0,12.6
1799181,2015-10-01 23:32:23,450.0,0.0,450.0
1799182,2015-10-01 23:34:56,7.5,0.0,7.5
1799183,2015-10-01 23:36:59,15.0,0.0,15.0
1799184,2015-10-01 23:37:52,14.95,4.95,10.0
1799185,2015-10-01 23:38:19,51.95,8.95,43.0
1799186,2015-10-01 23:38:40,20.0,0.0,20.0
1799187,2015-10-01 23:38:49,32.1,0.0,30.0
1799188,2015-10-01 23:40:16,200.0,0.0,200.0
1799189,2015-10-01 23:41:03,30.0,0.0,30.0
1799190,2015-10-01 23:43:46,36.0,0.0,0.0
1799191,2015-10-01 23:44:55,20.02,5.95,25.0
1799192,2015-10-01 23:46:47,284.96,0.0,260.0
1799193,2015-10-01 23:48:06,0.0,0.0,0.0
1799194,2015-10-01 23:48:46,107.0,0.0,100.0
1799195,2015-10-01 23:48:55,105.0,6.0,99.0
1799196,2015-10-01 23:49:03,159.53,0.0,0.0
1799197,2015-10-01 23:49:20,6.46,0.0,80.0
1799198,2015-10-01 23:49:30,164.0,0.0,164.0
1799199,2015-10-01 23:50:44,51.95,8.95,43.0
1799200,2015-10-01 23:51:02,0.0,0.0,0.0
1799201,2015-10-01 23:52:01,0.0,0.0,155.0
1799202,2015-10-01 23:52:26,0.0,0.0,0.0
1799203,2015-10-01 23:53:27,214.5,0.0,195.0
1799204,2015-10-01 23:53:55,25.0,0.0,25.0
1799205,2015-10-01 23:54:46,59.84,5.95,50.6
1799206,2015-10-01 23:55:18,210.13999999999993,6.0,191.0
1799207,2015-10-01 23:57:53,10.0,0.0,60.0
1799208,2015-10-01 23:58:07,238.08,6.95,315.0
1799209,2015-10-02 00:00:29,31.8,0.0,30.0
1799210,2015-10-02 00:01:21,0.0,0.0,75.0
1799211,2015-10-02 00:04:31,0.0,0.0,0.0
1799212,2015-10-02 00:04:42,666.2400000000002,4.0,735.0
1799213,2015-10-02 00:08:05,51.45,0.0,49.0
1799214,2015-10-02 00:08:09,22.83999999999999,4.950000000000001,16.88
1799215,2015-10-02 00:08:45,0.0,0.0,0.0
1799216,2015-10-02 00:10:01,0.0,0.0,0.0
1799217,2015-10-02 00:15:10,81.85,5.95,70.0
1799218,2015-10-02 00:17:25,24.0,0.0,24.0
1799219,2015-10-02 00:17:38,16.87,4.15,12.0
1799220,2015-10-02 00:17:39,34.0,0.0,34.0
1799221,2015-10-02 00:18:06,209.13000000000002,4.0,196.0
1799222,2015-10-02 00:20:13,645.0,0.0,645.0
1799223,2015-10-02 00:20:39,97.68000000000006,0.0,91.5
1799224,2015-10-02 00:21:29,135.61999999999995,4.620000000000001,131.0
1799225,2015-10-02 00:22:28,39.5,0.0,39.5
1799226,2015-10-02 00:22:34,103.74,6.989999999999999,90.0
1799227,2015-10-02 00:22:42,212.27,2.7,197.24000000000004
1799228,2015-10-02 00:26:17,3.5,3.5,0.0
1799229,2015-10-02 00:27:01,30.0,0.0,30.0
1799230,2015-10-02 00:28:02,255.5,3.5,315.0
1799231,2015-10-02 00:28:59,1.33,0.0,1.25
1799232,2015-10-02 00:29:21,24.95,4.95,20.0
1799233,2015-10-02 00:29:46,36.89999999999999,4.1499999999999995,30.34
1799234,2015-10-02 00:29:59,315.0,0.0,0.0
1799235,2015-10-02 00:31:41,30.0,0.0,30.0
1799236,2015-10-02 00:34:15,121.46,0.0,122.97
1799237,2015-10-02 00:34:24,40.29,5.95,36.0
1799238,2015-10-02 00:35:13,85.0,0.0,85.0
1799239,2015-10-02 00:35:34,250.0,0.0,250.0
1799240,2015-10-02 00:35:34,75.0,0.0,75.0
1799241,2015-10-02 00:35:54,50.95,4.15,45.0
1799242,2015-10-02 00:37:47,0.0,0.0,0.0
1799243,2015-10-02 00:37:59,375.0,0.0,375.0
1799244,2015-10-02 00:39:01,125.0,0.0,125.0
1799245,2015-10-02 00:40:00,30.0,0.0,30.0
1799246,2015-10-02 00:40:01,21.0,0.0,21.0
1799247,2015-10-02 00:40:04,0.0,0.0,0.0
1799248,2015-10-02 00:40:46,48.5,3.5,45.0
